DATE,TIME,DEMAND,FITTED_FORECAST,RESIDUAL,PERIOD
01-Mar-05,06:30,1,3.198090430201931,-2.198090430201931,Training
01-Mar-05,06:45,2,2.7809482001755925,-0.7809482001755925,Training
01-Mar-05,07:00,4,4.866659350307287,-0.8666593503072866,Training
01-Mar-05,07:15,0,6.8133230904302025,-6.8133230904302025,Training
01-Mar-05,07:30,10,13.904741000877962,-3.904741000877962,Training
01-Mar-05,07:45,13,16.824736611062335,-3.8247366110623346,Training
01-Mar-05,08:00,18,23.08187006145742,-5.081870061457419,Training
01-Mar-05,08:15,19,20.579016681299386,-1.579016681299386,Training
01-Mar-05,08:30,23,22.66472783143108,0.3352721685689204,Training
01-Mar-05,08:45,13,21.8304433713784,-8.8304433713784,Training
01-Mar-05,09:00,14,21.8304433713784,-7.830443371378401,Training
01-Mar-05,09:15,14,29.339003511852503,-15.339003511852503,Training
01-Mar-05,09:30,28,28.921861281826164,-0.921861281826164,Training
01-Mar-05,09:45,20,27.392339771729585,-7.392339771729585,Training
01-Mar-05,10:00,17,28.226624231782264,-11.226624231782264,Training
01-Mar-05,10:15,27,32.1199517120281,-5.119951712028097,Training
01-Mar-05,10:30,15,34.34471027216857,-19.34471027216857,Training
01-Mar-05,10:45,31,38.794227392449514,-7.794227392449514,Training
01-Mar-05,11:00,29,41.29708077260755,-12.29708077260755,Training
01-Mar-05,11:15,25,43.79993415276558,-18.79993415276558,Training
01-Mar-05,11:30,33,43.10469710272169,-10.104697102721687,Training
01-Mar-05,11:45,40,47.41516681299385,-7.415166812993853,Training
01-Mar-05,12:00,36,55.758011413520634,-19.758011413520634,Training
01-Mar-05,12:15,49,57.00943810359965,-8.00943810359965,Training
01-Mar-05,12:30,43,57.84372256365233,-14.843722563652328,Training
01-Mar-05,12:45,47,64.9351404741001,-17.935140474100095,Training
01-Mar-05,13:00,43,63.544666374012294,-20.544666374012294,Training
01-Mar-05,13:15,51,65.21323529411764,-14.213235294117638,Training
01-Mar-05,13:30,38,67.15989903424055,-29.159899034240553,Training
01-Mar-05,13:45,34,69.52370500438981,-35.52370500438981,Training
01-Mar-05,14:00,47,63.544666374012294,-16.544666374012294,Training
01-Mar-05,14:15,45,68.2722783143108,-23.272278314310796,Training
01-Mar-05,14:30,35,54.228489903424055,-19.228489903424055,Training
01-Mar-05,14:45,34,50.474209833187,-16.474209833186997,Training
01-Mar-05,15:00,31,47.41516681299385,-16.415166812993853,Training
01-Mar-05,15:15,37,49.91802019315188,-12.918020193151882,Training
01-Mar-05,15:30,32,45.885645302897274,-13.885645302897274,Training
01-Mar-05,15:45,32,45.468503072870945,-13.468503072870945,Training
01-Mar-05,16:00,45,43.382791922739244,1.6172080772607558,Training
01-Mar-05,16:15,28,42.82660228270412,-14.826602282704123,Training
01-Mar-05,16:30,40,46.580882352941174,-6.580882352941174,Training
01-Mar-05,16:45,27,45.32945566286216,-18.32945566286216,Training
01-Mar-05,17:00,41,52.5599209833187,-11.559920983318698,Training
01-Mar-05,17:15,44,62.015144863915715,-18.015144863915715,Training
01-Mar-05,17:30,50,63.96180860403863,-13.96180860403863,Training
01-Mar-05,17:45,44,72.72179543459174,-28.72179543459174,Training
01-Mar-05,18:00,50,80.78654521510096,-30.786545215100958,Training
01-Mar-05,18:15,62,108.73507462686567,-46.73507462686567,Training
01-Mar-05,18:30,62,111.9331650570676,-49.9331650570676,Training
01-Mar-05,18:45,69,121.24934152765584,-52.249341527655844,Training
01-Mar-05,19:00,98,108.31793239683934,-10.317932396839339,Training
01-Mar-05,19:15,82,103.17317822651448,-21.17317822651448,Training
01-Mar-05,19:30,66,84.540825285338,-18.540825285338002,Training
01-Mar-05,19:45,60,83.56749341527656,-23.56749341527656,Training
01-Mar-05,20:00,79,73.6951273046532,5.304872695346802,Training
01-Mar-05,20:15,60,64.10085601404741,-4.100856014047409,Training
01-Mar-05,20:30,46,57.84372256365233,-11.843722563652328,Training
01-Mar-05,20:45,36,45.746597892888495,-9.746597892888495,Training
01-Mar-05,21:00,27,37.68184811237928,-10.681848112379278,Training
01-Mar-05,21:15,26,37.125658472344156,-11.125658472344156,Training
01-Mar-05,21:30,24,25.167581211589113,-1.1675812115891127,Training
01-Mar-05,21:45,12,15.573309920983316,-3.5733099209833163,Training
01-Mar-05,22:00,8,7.925702370500439,0.07429762949956142,Training
02-Mar-05,06:30,4,3.047550482879719,0.9524495171202809,Training
02-Mar-05,06:45,3,2.6500438981562775,0.3499561018437225,Training
02-Mar-05,07:00,2,4.637576821773486,-2.637576821773486,Training
02-Mar-05,07:15,3,6.49260755048288,-3.49260755048288,Training
02-Mar-05,07:30,10,13.250219490781387,-3.2502194907813866,Training
02-Mar-05,07:45,13,16.032765583845478,-3.032765583845478,Training
02-Mar-05,08:00,9,21.995364354697106,-12.995364354697106,Training
02-Mar-05,08:15,16,19.610324846356455,-3.6103248463564555,Training
02-Mar-05,08:30,21,21.59785776997366,-0.5978577699736611,Training
02-Mar-05,08:45,20,20.80284460052678,-0.8028446005267789,Training
02-Mar-05,09:00,12,20.80284460052678,-8.802844600526779,Training
02-Mar-05,09:15,19,27.95796312554873,-8.95796312554873,Training
02-Mar-05,09:30,26,27.560456540825285,-1.5604565408252853,Training
02-Mar-05,09:45,18,26.102932396839332,-8.102932396839332,Training
02-Mar-05,10:00,15,26.897945566286218,-11.897945566286218,Training
02-Mar-05,10:15,18,30.608007023705007,-12.608007023705007,Training
02-Mar-05,10:30,33,32.728042142230024,0.2719578577699764,Training
02-Mar-05,10:45,38,36.96811237928007,1.0318876207199281,Training
02-Mar-05,11:00,32,39.35315188762072,-7.353151887620719,Training
02-Mar-05,11:15,32,41.73819139596137,-9.738191395961373,Training
02-Mar-05,11:30,28,41.0756804214223,-13.075680421422298,Training
02-Mar-05,11:45,24,45.18324846356453,-21.18324846356453,Training
02-Mar-05,12:00,41,53.13338015803337,-12.133380158033368,Training
02-Mar-05,12:15,35,54.32589991220369,-19.32589991220369,Training
02-Mar-05,12:30,43,55.12091308165057,-12.12091308165057,Training
02-Mar-05,12:45,41,61.87852502194908,-20.87852502194908,Training
02-Mar-05,13:00,40,60.553503072870946,-20.553503072870946,Training
02-Mar-05,13:15,41,62.1435294117647,-21.143529411764703,Training
02-Mar-05,13:30,44,63.9985601404741,-19.998560140474098,Training
02-Mar-05,13:45,50,66.25109745390694,-16.251097453906937,Training
02-Mar-05,14:00,48,60.553503072870946,-12.553503072870946,Training
02-Mar-05,14:15,56,65.05857769973662,-9.058577699736617,Training
02-Mar-05,14:30,42,51.67585601404741,-9.675856014047412,Training
02-Mar-05,14:45,36,48.09829675153643,-12.09829675153643,Training
02-Mar-05,15:00,33,45.18324846356453,-12.183248463564532,Training
02-Mar-05,15:15,25,47.56828797190518,-22.56828797190518,Training
02-Mar-05,15:30,30,43.72572431957858,-13.725724319578582,Training
02-Mar-05,15:45,31,43.328217734855144,-12.328217734855144,Training
02-Mar-05,16:00,30,41.34068481123793,-11.340684811237928,Training
02-Mar-05,16:15,20,40.810676031606675,-20.810676031606675,Training
02-Mar-05,16:30,33,44.38823529411765,-11.38823529411765,Training
02-Mar-05,16:45,27,43.19571553994732,-16.195715539947322,Training
02-Mar-05,17:00,33,50.08582967515364,-17.08582967515364,Training
02-Mar-05,17:15,39,59.09597892888499,-20.09597892888499,Training
02-Mar-05,17:30,42,60.95100965759438,-18.951009657594383,Training
02-Mar-05,17:45,50,69.29864793678665,-19.29864793678665,Training
02-Mar-05,18:00,54,76.98377524143986,-22.983775241439858,Training
02-Mar-05,18:15,76,103.61671641791045,-27.616716417910453,Training
02-Mar-05,18:30,84,106.66426690079017,-22.664266900790167,Training
02-Mar-05,18:45,79,115.54191395961371,-36.54191395961371,Training
02-Mar-05,19:00,75,103.21920983318702,-28.219209833187023,Training
02-Mar-05,19:15,75,98.3166286215979,-23.3166286215979,Training
02-Mar-05,19:30,65,80.56133450395083,-15.561334503950832,Training
02-Mar-05,19:45,71,79.63381913959614,-8.633819139596142,Training
02-Mar-05,20:00,46,70.22616330114136,-24.226163301141355,Training
02-Mar-05,20:15,43,61.0835118525022,-18.0835118525022,Training
02-Mar-05,20:30,41,55.12091308165057,-14.12091308165057,Training
02-Mar-05,20:45,30,43.59322212467076,-13.59322212467076,Training
02-Mar-05,21:00,31,35.90809482001756,-4.90809482001756,Training
02-Mar-05,21:15,31,35.3780860403863,-4.3780860403863,Training
02-Mar-05,21:30,29,23.98289727831431,5.0171027216856885,Training
02-Mar-05,21:45,12,14.840245829675153,-2.840245829675153,Training
02-Mar-05,22:00,9,7.552625109745391,1.4473748902546086,Training
03-Mar-05,06:30,2,2.957085162423178,-0.9570851624231782,Training
03-Mar-05,06:45,2,2.5713784021071118,-0.5713784021071118,Training
03-Mar-05,07:00,7,4.499912203687446,2.5000877963125543,Training
03-Mar-05,07:15,4,6.299877085162424,-2.299877085162424,Training
03-Mar-05,07:30,11,12.856892010535558,-1.8568920105355584,Training
03-Mar-05,07:45,6,15.556839332748027,-9.556839332748027,Training
03-Mar-05,08:00,17,21.342440737489028,-4.342440737489028,Training
03-Mar-05,08:15,15,19.028200175592627,-4.028200175592627,Training
03-Mar-05,08:30,24,20.956733977172963,3.043266022827037,Training
03-Mar-05,08:45,11,20.185320456540826,-9.185320456540826,Training
03-Mar-05,09:00,15,20.185320456540826,-5.1853204565408255,Training
03-Mar-05,09:15,18,27.12804214223003,-9.12804214223003,Training
03-Mar-05,09:30,20,26.742335381913964,-6.742335381913964,Training
03-Mar-05,09:45,19,25.32807726075505,-6.328077260755052,Training
03-Mar-05,10:00,26,26.099490781387185,-0.09949078138718548,Training
03-Mar-05,10:15,25,29.699420544337144,-4.699420544337144,Training
03-Mar-05,10:30,33,31.75652326602283,1.2434767339771717,Training
03-Mar-05,10:45,18,35.87072870939421,-17.870728709394207,Training
03-Mar-05,11:00,23,38.18496927129061,-15.184969271290612,Training
03-Mar-05,11:15,33,40.49920983318701,-7.49920983318701,Training
03-Mar-05,11:30,35,39.85636523266023,-4.856365232660231,Training
03-Mar-05,11:45,39,43.842001755926255,-4.842001755926255,Training
03-Mar-05,12:00,45,51.55613696224759,-6.556136962247592,Training
03-Mar-05,12:15,36,52.71325724319579,-16.71325724319579,Training
03-Mar-05,12:30,37,53.48467076382793,-16.48467076382793,Training
03-Mar-05,12:45,49,60.04168568920106,-11.04168568920106,Training
03-Mar-05,13:00,48,58.75599648814751,-10.75599648814751,Training
03-Mar-05,13:15,45,60.29882352941177,-15.29882352941177,Training
03-Mar-05,13:30,45,62.09878841088675,-17.098788410886748,Training
03-Mar-05,13:45,48,64.2844600526778,-16.2844600526778,Training
03-Mar-05,14:00,54,58.75599648814751,-4.75599648814751,Training
03-Mar-05,14:15,35,63.127339771729595,-28.127339771729595,Training
03-Mar-05,14:30,27,50.141878841088676,-23.141878841088676,Training
03-Mar-05,14:45,30,46.67051799824407,-16.670517998244073,Training
03-Mar-05,15:00,26,43.842001755926255,-17.842001755926255,Training
03-Mar-05,15:15,30,46.15624231782265,-16.156242317822652,Training
03-Mar-05,15:30,30,42.427743634767346,-12.427743634767346,Training
03-Mar-05,15:45,24,42.042036874451284,-18.042036874451284,Training
03-Mar-05,16:00,22,40.11350307287094,-18.11350307287094,Training
03-Mar-05,16:15,19,39.59922739244952,-20.59922739244952,Training
03-Mar-05,16:30,27,43.070588235294125,-16.070588235294125,Training
03-Mar-05,16:45,24,41.913467954345926,-17.913467954345926,Training
03-Mar-05,17:00,33,48.59905179982441,-15.599051799824409,Training
03-Mar-05,17:15,39,57.341738366988594,-18.341738366988594,Training
03-Mar-05,17:30,30,59.14170324846357,-29.14170324846357,Training
03-Mar-05,17:45,48,67.24154521510097,-19.24154521510097,Training
03-Mar-05,18:00,45,74.6985425812116,-29.698542581211598,Training
03-Mar-05,18:15,77,100.54089552238807,-23.54089552238807,Training
03-Mar-05,18:30,87,103.49798068481125,-16.497980684811253,Training
03-Mar-05,18:45,87,112.11209833187007,-25.112098331870072,Training
03-Mar-05,19:00,61,100.15518876207202,-39.155188762072015,Training
03-Mar-05,19:15,69,95.39813871817385,-26.398138718173854,Training
03-Mar-05,19:30,81,78.16990342405619,2.830096575943813,Training
03-Mar-05,19:45,68,77.26992098331871,-9.269920983318713,Training
03-Mar-05,20:00,54,68.14152765583846,-14.141527655838459,Training
03-Mar-05,20:15,38,59.27027216856893,-21.27027216856893,Training
03-Mar-05,20:30,39,53.48467076382793,-14.484670763827928,Training
03-Mar-05,20:45,35,42.29917471466199,-7.299174714661987,Training
03-Mar-05,21:00,21,34.84217734855137,-13.842177348551367,Training
03-Mar-05,21:15,28,34.32790166812994,-6.32790166812994,Training
03-Mar-05,21:30,15,23.270974539069364,-8.270974539069364,Training
03-Mar-05,21:45,11,14.399719051799824,-3.399719051799824,Training
03-Mar-05,22:00,3,7.328428446005269,-4.328428446005269,Training
04-Mar-05,06:30,2,2.8397629499561012,-0.8397629499561012,Training
04-Mar-05,06:45,1,2.4693590869183493,-1.4693590869183493,Training
04-Mar-05,07:00,3,4.321378402107111,-1.3213784021071113,Training
04-Mar-05,07:15,5,6.049929762949956,-1.0499297629499562,Training
04-Mar-05,07:30,9,12.346795434591746,-3.346795434591746,Training
04-Mar-05,07:45,7,14.939622475856012,-7.939622475856012,Training
04-Mar-05,08:00,14,20.4956804214223,-6.4956804214223,Training
04-Mar-05,08:15,8,18.273257243195786,-10.273257243195786,Training
04-Mar-05,08:30,5,20.12527655838455,-15.125276558384549,Training
04-Mar-05,08:45,10,19.38446883230904,-9.38446883230904,Training
04-Mar-05,09:00,12,19.38446883230904,-7.3844688323090395,Training
04-Mar-05,09:15,22,26.051738366988587,-4.051738366988587,Training
04-Mar-05,09:30,15,25.681334503950833,-10.681334503950833,Training
04-Mar-05,09:45,24,24.32318700614574,-0.3231870061457407,Training
04-Mar-05,10:00,16,25.063994732221246,-9.063994732221246,Training
04-Mar-05,10:15,28,28.521097453906936,-0.5210974539069362,Training
04-Mar-05,10:30,20,30.49658472344161,-10.496584723441611,Training
04-Mar-05,10:45,22,34.44755926251097,-12.447559262510971,Training
04-Mar-05,11:00,33,36.669982440737485,-3.669982440737485,Training
04-Mar-05,11:15,32,38.892405618964,-6.892405618963998,Training
04-Mar-05,11:30,26,38.275065847234416,-12.275065847234416,Training
04-Mar-05,11:45,33,42.10257243195786,-9.10257243195786,Training
04-Mar-05,12:00,34,49.5106496927129,-15.510649692712903,Training
04-Mar-05,12:15,47,50.62186128182616,-3.6218612818261633,Training
04-Mar-05,12:30,35,51.362669007901665,-16.362669007901665,Training
04-Mar-05,12:45,39,57.65953467954346,-18.659534679543462,Training
04-Mar-05,13:00,37,56.42485513608428,-19.424855136084282,Training
04-Mar-05,13:15,43,57.90647058823529,-14.906470588235287,Training
04-Mar-05,13:30,50,59.63502194907813,-9.63502194907813,Training
04-Mar-05,13:45,53,61.73397717295873,-8.733977172958731,Training
04-Mar-05,14:00,45,56.42485513608428,-11.424855136084282,Training
04-Mar-05,14:15,37,60.62276558384548,-23.622765583845478,Training
04-Mar-05,14:30,47,48.15250219490781,-1.152502194907811,Training
04-Mar-05,14:45,39,44.81886742756804,-5.818867427568037,Training
04-Mar-05,15:00,34,42.10257243195786,-8.10257243195786,Training
04-Mar-05,15:15,39,44.32499561018437,-5.3249956101843665,Training
04-Mar-05,15:30,39,40.74442493415276,-1.744424934152761,Training
04-Mar-05,15:45,32,40.37402107111502,-8.374021071115017,Training
04-Mar-05,16:00,24,38.52200175592625,-14.522001755926247,Training
04-Mar-05,16:15,39,38.02812993854258,0.9718700614574232,Training
04-Mar-05,16:30,36,41.36176470588235,-5.361764705882351,Training
04-Mar-05,16:45,41,40.2505531167691,0.7494468832309025,Training
04-Mar-05,17:00,51,46.6708867427568,4.3291132572432005,Training
04-Mar-05,17:15,57,55.06670763827919,1.9332923617208095,Training
04-Mar-05,17:30,67,56.795258999122034,10.204741000877966,Training
04-Mar-05,17:45,49,64.57374012291483,-15.573740122914828,Training
04-Mar-05,18:00,62,71.73488147497805,-9.734881474978053,Training
04-Mar-05,18:15,51,96.55194029850746,-45.55194029850746,Training
04-Mar-05,18:30,50,99.39170324846356,-49.39170324846356,Training
04-Mar-05,18:45,57,107.66405618964004,-50.664056189640036,Training
04-Mar-05,19:00,54,96.18153643546971,-42.18153643546971,Training
04-Mar-05,19:15,58,91.61322212467076,-33.613222124670756,Training
04-Mar-05,19:30,47,75.06851624231781,-28.068516242317813,Training
04-Mar-05,19:45,38,74.2042405618964,-36.2042405618964,Training
04-Mar-05,20:00,45,65.43801580333626,-20.438015803336256,Training
04-Mar-05,20:15,31,56.91872695346795,-25.918726953467953,Training
04-Mar-05,20:30,41,51.362669007901665,-10.362669007901665,Training
04-Mar-05,20:45,30,40.62095697980684,-10.620956979806842,Training
04-Mar-05,21:00,28,33.45981562774364,-5.459815627743637,Training
04-Mar-05,21:15,26,32.96594381035996,-6.96594381035996,Training
04-Mar-05,21:30,16,22.347699736611062,-6.347699736611062,Training
04-Mar-05,21:45,13,13.828410886742756,-0.8284108867427555,Training
04-Mar-05,22:00,5,7.037673397717295,-2.0376733977172954,Training
05-Mar-05,06:30,0,0.07958735733099209,-0.07958735733099209,Training
05-Mar-05,06:45,1,0.07958735733099209,0.9204126426690079,Training
05-Mar-05,07:00,1,0.15917471466198418,0.8408252853380158,Training
05-Mar-05,07:15,1,0.039793678665496046,0.960206321334504,Training
05-Mar-05,07:30,2,0.11938103599648814,1.8806189640035118,Training
05-Mar-05,07:45,1,0.15917471466198418,0.8408252853380158,Training
05-Mar-05,08:00,4,0.2785557506584723,3.721444249341528,Training
05-Mar-05,08:15,0,0.07958735733099209,-0.07958735733099209,Training
05-Mar-05,08:30,5,0.3581431079894644,4.641856892010535,Training
05-Mar-05,08:45,1,0.07958735733099209,0.9204126426690079,Training
05-Mar-05,09:00,3,0.23876207199297628,2.7612379280070236,Training
05-Mar-05,09:15,2,0.31834942932396837,1.6816505706760316,Training
05-Mar-05,09:30,3,0.23876207199297628,2.7612379280070236,Training
05-Mar-05,09:45,2,0.3581431079894644,1.6418568920105356,Training
05-Mar-05,10:00,5,0.31834942932396837,4.681650570676032,Training
05-Mar-05,10:15,3,0.31834942932396837,2.6816505706760316,Training
05-Mar-05,10:30,3,0.2785557506584723,2.721444249341528,Training
05-Mar-05,10:45,6,0.5173178226514485,5.4826821773485515,Training
05-Mar-05,11:00,2,0.31834942932396837,1.6816505706760316,Training
05-Mar-05,11:15,3,0.19896839332748023,2.80103160667252,Training
05-Mar-05,11:30,6,0.5173178226514485,5.4826821773485515,Training
05-Mar-05,11:45,10,0.875460930640913,9.124539069359088,Training
05-Mar-05,12:00,8,0.5173178226514485,7.4826821773485515,Training
05-Mar-05,12:15,4,0.5969051799824407,3.403094820017559,Training
05-Mar-05,12:30,6,0.6366988586479367,5.363301141352063,Training
05-Mar-05,12:45,9,1.0744293239683933,7.925570676031606,Training
05-Mar-05,13:00,9,0.9152546093064091,8.084745390693591,Training
05-Mar-05,13:15,14,0.9550482879719051,13.044951712028094,Training
05-Mar-05,13:30,14,1.034635645302897,12.965364354697103,Training
05-Mar-05,13:45,10,0.9550482879719051,9.044951712028094,Training
05-Mar-05,14:00,12,0.9550482879719051,11.044951712028094,Training
05-Mar-05,14:15,5,0.6764925373134327,4.3235074626865675,Training
05-Mar-05,14:30,9,0.5969051799824407,8.403094820017559,Training
05-Mar-05,14:45,8,0.6366988586479367,7.363301141352063,Training
05-Mar-05,15:00,11,1.034635645302897,9.965364354697103,Training
05-Mar-05,15:15,5,0.6366988586479367,4.363301141352063,Training
05-Mar-05,15:30,7,0.5571115013169446,6.442888498683056,Training
05-Mar-05,15:45,3,0.39793678665496046,2.6020632133450396,Training
05-Mar-05,16:00,7,0.6366988586479367,6.363301141352063,Training
05-Mar-05,16:15,6,0.47752414398595255,5.522475856014047,Training
05-Mar-05,16:30,2,0.31834942932396837,1.6816505706760316,Training
05-Mar-05,16:45,2,0.23876207199297628,1.7612379280070236,Training
05-Mar-05,17:00,1,0.4377304653204565,0.5622695346795434,Training
05-Mar-05,17:15,3,0.3581431079894644,2.6418568920105354,Training
05-Mar-05,17:30,2,0.39793678665496046,1.6020632133450396,Training
05-Mar-05,17:45,9,0.47752414398595255,8.522475856014047,Training
05-Mar-05,18:00,4,0.4377304653204565,3.5622695346795434,Training
05-Mar-05,18:15,1,0.47752414398595255,0.5224758560140474,Training
05-Mar-05,18:30,3,0.39793678665496046,2.6020632133450396,Training
05-Mar-05,18:45,2,0.2785557506584723,1.7214442493415276,Training
05-Mar-05,19:00,3,0.31834942932396837,2.6816505706760316,Training
05-Mar-05,19:15,2,0.39793678665496046,1.6020632133450396,Training
05-Mar-05,19:30,3,0.47752414398595255,2.5224758560140472,Training
05-Mar-05,19:45,2,0.19896839332748023,1.8010316066725198,Training
05-Mar-05,20:00,3,0.2785557506584723,2.721444249341528,Training
05-Mar-05,20:15,0,0.39793678665496046,-0.39793678665496046,Training
05-Mar-05,20:30,1,0.15917471466198418,0.8408252853380158,Training
05-Mar-05,20:45,2,0.19896839332748023,1.8010316066725198,Training
05-Mar-05,21:00,4,0.23876207199297628,3.7612379280070236,Training
05-Mar-05,21:15,0,0.2785557506584723,-0.2785557506584723,Training
05-Mar-05,21:30,4,0.23876207199297628,3.7612379280070236,Training
05-Mar-05,21:45,0,0.0,0.0,Training
05-Mar-05,22:00,0,0.0,0.0,Training
06-Mar-05,06:30,0,0.02166374012291484,-0.02166374012291484,Training
06-Mar-05,06:45,0,0.02166374012291484,-0.02166374012291484,Training
06-Mar-05,07:00,0,0.04332748024582968,-0.04332748024582968,Training
06-Mar-05,07:15,0,0.01083187006145742,-0.01083187006145742,Training
06-Mar-05,07:30,0,0.03249561018437226,-0.03249561018437226,Training
06-Mar-05,07:45,0,0.04332748024582968,-0.04332748024582968,Training
06-Mar-05,08:00,0,0.07582309043020194,-0.07582309043020194,Training
06-Mar-05,08:15,0,0.02166374012291484,-0.02166374012291484,Training
06-Mar-05,08:30,0,0.09748683055311677,-0.09748683055311677,Training
06-Mar-05,08:45,0,0.02166374012291484,-0.02166374012291484,Training
06-Mar-05,09:00,0,0.06499122036874452,-0.06499122036874452,Training
06-Mar-05,09:15,0,0.08665496049165936,-0.08665496049165936,Training
06-Mar-05,09:30,0,0.06499122036874452,-0.06499122036874452,Training
06-Mar-05,09:45,2,0.09748683055311677,1.9025131694468833,Training
06-Mar-05,10:00,0,0.08665496049165936,-0.08665496049165936,Training
06-Mar-05,10:15,1,0.08665496049165936,0.9133450395083407,Training
06-Mar-05,10:30,1,0.07582309043020194,0.924176909569798,Training
06-Mar-05,10:45,0,0.14081431079894646,-0.14081431079894646,Training
06-Mar-05,11:00,0,0.08665496049165936,-0.08665496049165936,Training
06-Mar-05,11:15,0,0.054159350307287094,-0.054159350307287094,Training
06-Mar-05,11:30,0,0.14081431079894646,-0.14081431079894646,Training
06-Mar-05,11:45,5,0.23830114135206323,4.761698858647937,Training
06-Mar-05,12:00,1,0.14081431079894646,0.8591856892010535,Training
06-Mar-05,12:15,1,0.1624780509218613,0.8375219490781387,Training
06-Mar-05,12:30,1,0.1733099209833187,0.8266900790166813,Training
06-Mar-05,12:45,2,0.29246049165935034,1.7075395083406497,Training
06-Mar-05,13:00,1,0.24913301141352065,0.7508669885864794,Training
06-Mar-05,13:15,1,0.2599648814749781,0.7400351185250219,Training
06-Mar-05,13:30,0,0.2816286215978929,-0.2816286215978929,Training
06-Mar-05,13:45,3,0.2599648814749781,2.740035118525022,Training
06-Mar-05,14:00,1,0.2599648814749781,0.7400351185250219,Training
06-Mar-05,14:15,1,0.18414179104477613,0.8158582089552239,Training
06-Mar-05,14:30,1,0.1624780509218613,0.8375219490781387,Training
06-Mar-05,14:45,1,0.1733099209833187,0.8266900790166813,Training
06-Mar-05,15:00,4,0.2816286215978929,3.7183713784021073,Training
06-Mar-05,15:15,0,0.1733099209833187,-0.1733099209833187,Training
06-Mar-05,15:30,2,0.15164618086040388,1.848353819139596,Training
06-Mar-05,15:45,2,0.10831870061457419,1.8916812993854257,Training
06-Mar-05,16:00,2,0.1733099209833187,1.8266900790166813,Training
06-Mar-05,16:15,2,0.12998244073748905,1.870017559262511,Training
06-Mar-05,16:30,4,0.08665496049165936,3.9133450395083407,Training
06-Mar-05,16:45,0,0.06499122036874452,-0.06499122036874452,Training
06-Mar-05,17:00,0,0.11915057067603162,-0.11915057067603162,Training
06-Mar-05,17:15,1,0.09748683055311677,0.9025131694468832,Training
06-Mar-05,17:30,1,0.10831870061457419,0.8916812993854258,Training
06-Mar-05,17:45,1,0.12998244073748905,0.870017559262511,Training
06-Mar-05,18:00,2,0.11915057067603162,1.8808494293239684,Training
06-Mar-05,18:15,0,0.12998244073748905,-0.12998244073748905,Training
06-Mar-05,18:30,5,0.10831870061457419,4.891681299385426,Training
06-Mar-05,18:45,2,0.07582309043020194,1.924176909569798,Training
06-Mar-05,19:00,3,0.08665496049165936,2.9133450395083407,Training
06-Mar-05,19:15,3,0.10831870061457419,2.891681299385426,Training
06-Mar-05,19:30,4,0.12998244073748905,3.870017559262511,Training
06-Mar-05,19:45,1,0.054159350307287094,0.9458406496927129,Training
06-Mar-05,20:00,3,0.07582309043020194,2.9241769095697983,Training
06-Mar-05,20:15,4,0.10831870061457419,3.891681299385426,Training
06-Mar-05,20:30,0,0.04332748024582968,-0.04332748024582968,Training
06-Mar-05,20:45,0,0.054159350307287094,-0.054159350307287094,Training
06-Mar-05,21:00,0,0.06499122036874452,-0.06499122036874452,Training
06-Mar-05,21:15,4,0.07582309043020194,3.9241769095697983,Training
06-Mar-05,21:30,1,0.06499122036874452,0.9350087796312555,Training
06-Mar-05,21:45,0,0.0,0.0,Training
06-Mar-05,22:00,0,0.0,0.0,Training
07-Mar-05,06:30,4,3.591755926251097,0.4082440737489028,Training
07-Mar-05,06:45,2,3.1232660228270412,-1.1232660228270412,Training
07-Mar-05,07:00,3,5.465715539947322,-2.465715539947322,Training
07-Mar-05,07:15,7,7.652001755926252,-0.6520017559262516,Training
07-Mar-05,07:30,12,15.616330114135206,-3.6163301141352058,Training
07-Mar-05,07:45,18,18.8957594381036,-0.8957594381035996,Training
07-Mar-05,08:00,25,25.923107989464445,-0.9231079894644445,Training
07-Mar-05,08:15,16,23.112168568920108,-7.112168568920108,Training
07-Mar-05,08:30,17,25.454618086040387,-8.454618086040387,Training
07-Mar-05,08:45,18,24.517638279192273,-6.517638279192273,Training
07-Mar-05,09:00,20,24.517638279192273,-4.517638279192273,Training
07-Mar-05,09:15,17,32.950456540825286,-15.950456540825286,Training
07-Mar-05,09:30,14,32.48196663740123,-18.48196663740123,Training
07-Mar-05,09:45,16,30.764170324846354,-14.764170324846354,Training
07-Mar-05,10:00,19,31.70115013169447,-12.701150131694469,Training
07-Mar-05,10:15,20,36.07372256365233,-16.073722563652332,Training
07-Mar-05,10:30,24,38.57233538191396,-14.572335381913959,Training
07-Mar-05,10:45,37,43.56956101843722,-6.56956101843722,Training
07-Mar-05,11:00,32,46.380500438981564,-14.380500438981564,Training
07-Mar-05,11:15,37,49.1914398595259,-12.1914398595259,Training
07-Mar-05,11:30,31,48.41062335381914,-17.41062335381914,Training
07-Mar-05,11:45,37,53.251685689201054,-16.251685689201054,Training
07-Mar-05,12:00,31,62.62148375768218,-31.621483757682178,Training
07-Mar-05,12:15,41,64.02695346795434,-23.026953467954343,Training
07-Mar-05,12:30,46,64.96393327480246,-18.963933274802457,Training
07-Mar-05,12:45,45,72.92826163301142,-27.928261633011417,Training
07-Mar-05,13:00,54,71.3666286215979,-17.366628621597897,Training
07-Mar-05,13:15,53,73.24058823529411,-20.240588235294112,Training
07-Mar-05,13:30,75,75.42687445127304,-0.42687445127303647,Training
07-Mar-05,13:45,54,78.08165057067603,-24.081650570676032,Training
07-Mar-05,14:00,50,71.3666286215979,-21.366628621597897,Training
07-Mar-05,14:15,70,76.67618086040386,-6.676180860403861,Training
07-Mar-05,14:30,43,60.903687445127304,-17.903687445127304,Training
07-Mar-05,14:45,35,56.687278314310795,-21.687278314310795,Training
07-Mar-05,15:00,31,53.251685689201054,-22.251685689201054,Training
07-Mar-05,15:15,33,56.06262510974539,-23.06262510974539,Training
07-Mar-05,15:30,45,51.53388937664618,-6.533889376646179,Training
07-Mar-05,15:45,32,51.06539947322213,-19.06539947322213,Training
07-Mar-05,16:00,37,48.72294995610184,-11.722949956101843,Training
07-Mar-05,16:15,44,48.09829675153644,-4.098296751536438,Training
07-Mar-05,16:30,35,52.31470588235294,-17.31470588235294,Training
07-Mar-05,16:45,41,50.909236172080774,-9.909236172080774,Training
07-Mar-05,17:00,38,59.029727831431074,-21.029727831431074,Training
07-Mar-05,17:15,52,69.64883230904302,-17.648832309043016,Training
07-Mar-05,17:30,48,71.83511852502195,-23.835118525021954,Training
07-Mar-05,17:45,59,81.67340649692713,-22.67340649692713,Training
07-Mar-05,18:00,66,90.73087796312555,-24.73087796312555,Training
07-Mar-05,18:15,100,122.11970149253732,-22.119701492537317,Training
07-Mar-05,18:30,115,125.71145741878841,-10.711457418788413,Training
07-Mar-05,18:45,136,136.174398595259,-0.17439859525899237,Training
07-Mar-05,19:00,100,121.65121158911326,-21.65121158911326,Training
07-Mar-05,19:15,90,115.87316944688324,-25.87316944688324,Training
07-Mar-05,19:30,71,94.94728709394205,-23.94728709394205,Training
07-Mar-05,19:45,70,93.85414398595259,-23.85414398595259,Training
07-Mar-05,20:00,69,82.76654960491659,-13.766549604916591,Training
07-Mar-05,20:15,55,71.9912818261633,-16.991281826163302,Training
07-Mar-05,20:30,50,64.96393327480246,-14.963933274802457,Training
07-Mar-05,20:45,42,51.377726075504825,-9.377726075504825,Training
07-Mar-05,21:00,20,42.32025460930641,-22.32025460930641,Training
07-Mar-05,21:15,22,41.695601404741,-19.695601404740998,Training
07-Mar-05,21:30,18,28.265557506584724,-10.265557506584724,Training
07-Mar-05,21:45,14,17.49028972783143,-3.4902897278314313,Training
07-Mar-05,22:00,7,8.901308165057069,-1.9013081650570687,Training
08-Mar-05,06:30,5,3.198090430201931,1.801909569798069,Training
08-Mar-05,06:45,3,2.7809482001755925,0.21905179982440748,Training
08-Mar-05,07:00,1,4.866659350307287,-3.8666593503072866,Training
08-Mar-05,07:15,8,6.8133230904302025,1.1866769095697975,Training
08-Mar-05,07:30,6,13.904741000877962,-7.904741000877962,Training
08-Mar-05,07:45,11,16.824736611062335,-5.824736611062335,Training
08-Mar-05,08:00,18,23.08187006145742,-5.081870061457419,Training
08-Mar-05,08:15,6,20.579016681299386,-14.579016681299386,Training
08-Mar-05,08:30,12,22.66472783143108,-10.66472783143108,Training
08-Mar-05,08:45,20,21.8304433713784,-1.8304433713784007,Training
08-Mar-05,09:00,20,21.8304433713784,-1.8304433713784007,Training
08-Mar-05,09:15,27,29.339003511852503,-2.3390035118525034,Training
08-Mar-05,09:30,22,28.921861281826164,-6.921861281826164,Training
08-Mar-05,09:45,22,27.392339771729585,-5.392339771729585,Training
08-Mar-05,10:00,32,28.226624231782264,3.7733757682177362,Training
08-Mar-05,10:15,26,32.1199517120281,-6.119951712028097,Training
08-Mar-05,10:30,18,34.34471027216857,-16.34471027216857,Training
08-Mar-05,10:45,23,38.794227392449514,-15.794227392449514,Training
08-Mar-05,11:00,29,41.29708077260755,-12.29708077260755,Training
08-Mar-05,11:15,41,43.79993415276558,-2.79993415276558,Training
08-Mar-05,11:30,31,43.10469710272169,-12.104697102721687,Training
08-Mar-05,11:45,43,47.41516681299385,-4.415166812993853,Training
08-Mar-05,12:00,45,55.758011413520634,-10.758011413520634,Training
08-Mar-05,12:15,52,57.00943810359965,-5.009438103599649,Training
08-Mar-05,12:30,42,57.84372256365233,-15.843722563652328,Training
08-Mar-05,12:45,48,64.9351404741001,-16.935140474100095,Training
08-Mar-05,13:00,45,63.544666374012294,-18.544666374012294,Training
08-Mar-05,13:15,65,65.21323529411764,-0.21323529411763786,Training
08-Mar-05,13:30,51,67.15989903424055,-16.159899034240553,Training
08-Mar-05,13:45,48,69.52370500438981,-21.52370500438981,Training
08-Mar-05,14:00,43,63.544666374012294,-20.544666374012294,Training
08-Mar-05,14:15,36,68.2722783143108,-32.272278314310796,Training
08-Mar-05,14:30,32,54.228489903424055,-22.228489903424055,Training
08-Mar-05,14:45,40,50.474209833187,-10.474209833186997,Training
08-Mar-05,15:00,36,47.41516681299385,-11.415166812993853,Training
08-Mar-05,15:15,45,49.91802019315188,-4.918020193151882,Training
08-Mar-05,15:30,32,45.885645302897274,-13.885645302897274,Training
08-Mar-05,15:45,30,45.468503072870945,-15.468503072870945,Training
08-Mar-05,16:00,42,43.382791922739244,-1.3827919227392442,Training
08-Mar-05,16:15,24,42.82660228270412,-18.826602282704123,Training
08-Mar-05,16:30,35,46.580882352941174,-11.580882352941174,Training
08-Mar-05,16:45,25,45.32945566286216,-20.32945566286216,Training
08-Mar-05,17:00,39,52.5599209833187,-13.559920983318698,Training
08-Mar-05,17:15,35,62.015144863915715,-27.015144863915715,Training
08-Mar-05,17:30,41,63.96180860403863,-22.96180860403863,Training
08-Mar-05,17:45,53,72.72179543459174,-19.72179543459174,Training
08-Mar-05,18:00,63,80.78654521510096,-17.786545215100958,Training
08-Mar-05,18:15,89,108.73507462686567,-19.735074626865668,Training
08-Mar-05,18:30,98,111.9331650570676,-13.933165057067598,Training
08-Mar-05,18:45,91,121.24934152765584,-30.249341527655844,Training
08-Mar-05,19:00,77,108.31793239683934,-31.31793239683934,Training
08-Mar-05,19:15,80,103.17317822651448,-23.17317822651448,Training
08-Mar-05,19:30,64,84.540825285338,-20.540825285338002,Training
08-Mar-05,19:45,67,83.56749341527656,-16.56749341527656,Training
08-Mar-05,20:00,40,73.6951273046532,-33.6951273046532,Training
08-Mar-05,20:15,55,64.10085601404741,-9.100856014047409,Training
08-Mar-05,20:30,48,57.84372256365233,-9.843722563652328,Training
08-Mar-05,20:45,33,45.746597892888495,-12.746597892888495,Training
08-Mar-05,21:00,31,37.68184811237928,-6.681848112379278,Training
08-Mar-05,21:15,27,37.125658472344156,-10.125658472344156,Training
08-Mar-05,21:30,19,25.167581211589113,-6.167581211589113,Training
08-Mar-05,21:45,15,15.573309920983316,-0.5733099209833163,Training
08-Mar-05,22:00,4,7.925702370500439,-3.9257023705004386,Training
09-Mar-05,06:30,1,3.047550482879719,-2.047550482879719,Training
09-Mar-05,06:45,1,2.6500438981562775,-1.6500438981562775,Training
09-Mar-05,07:00,2,4.637576821773486,-2.637576821773486,Training
09-Mar-05,07:15,4,6.49260755048288,-2.49260755048288,Training
09-Mar-05,07:30,12,13.250219490781387,-1.2502194907813866,Training
09-Mar-05,07:45,15,16.032765583845478,-1.0327655838454781,Training
09-Mar-05,08:00,11,21.995364354697106,-10.995364354697106,Training
09-Mar-05,08:15,20,19.610324846356455,0.38967515364354455,Training
09-Mar-05,08:30,15,21.59785776997366,-6.597857769973661,Training
09-Mar-05,08:45,15,20.80284460052678,-5.802844600526779,Training
09-Mar-05,09:00,17,20.80284460052678,-3.802844600526779,Training
09-Mar-05,09:15,21,27.95796312554873,-6.95796312554873,Training
09-Mar-05,09:30,14,27.560456540825285,-13.560456540825285,Training
09-Mar-05,09:45,14,26.102932396839332,-12.102932396839332,Training
09-Mar-05,10:00,20,26.897945566286218,-6.897945566286218,Training
09-Mar-05,10:15,20,30.608007023705007,-10.608007023705007,Training
09-Mar-05,10:30,29,32.728042142230024,-3.7280421422300236,Training
09-Mar-05,10:45,22,36.96811237928007,-14.968112379280072,Training
09-Mar-05,11:00,29,39.35315188762072,-10.353151887620719,Training
09-Mar-05,11:15,19,41.73819139596137,-22.738191395961373,Training
09-Mar-05,11:30,30,41.0756804214223,-11.075680421422298,Training
09-Mar-05,11:45,24,45.18324846356453,-21.18324846356453,Training
09-Mar-05,12:00,42,53.13338015803337,-11.133380158033368,Training
09-Mar-05,12:15,37,54.32589991220369,-17.32589991220369,Training
09-Mar-05,12:30,31,55.12091308165057,-24.12091308165057,Training
09-Mar-05,12:45,48,61.87852502194908,-13.87852502194908,Training
09-Mar-05,13:00,44,60.553503072870946,-16.553503072870946,Training
09-Mar-05,13:15,37,62.1435294117647,-25.143529411764703,Training
09-Mar-05,13:30,38,63.9985601404741,-25.998560140474098,Training
09-Mar-05,13:45,56,66.25109745390694,-10.251097453906937,Training
09-Mar-05,14:00,42,60.553503072870946,-18.553503072870946,Training
09-Mar-05,14:15,50,65.05857769973662,-15.058577699736617,Training
09-Mar-05,14:30,45,51.67585601404741,-6.675856014047412,Training
09-Mar-05,14:45,32,48.09829675153643,-16.09829675153643,Training
09-Mar-05,15:00,50,45.18324846356453,4.8167515364354685,Training
09-Mar-05,15:15,36,47.56828797190518,-11.568287971905178,Training
09-Mar-05,15:30,39,43.72572431957858,-4.725724319578582,Training
09-Mar-05,15:45,26,43.328217734855144,-17.328217734855144,Training
09-Mar-05,16:00,22,41.34068481123793,-19.340684811237928,Training
09-Mar-05,16:15,31,40.810676031606675,-9.810676031606675,Training
09-Mar-05,16:30,34,44.38823529411765,-10.38823529411765,Training
09-Mar-05,16:45,25,43.19571553994732,-18.195715539947322,Training
09-Mar-05,17:00,34,50.08582967515364,-16.08582967515364,Training
09-Mar-05,17:15,35,59.09597892888499,-24.09597892888499,Training
09-Mar-05,17:30,38,60.95100965759438,-22.951009657594383,Training
09-Mar-05,17:45,55,69.29864793678665,-14.29864793678665,Training
09-Mar-05,18:00,66,76.98377524143986,-10.983775241439858,Training
09-Mar-05,18:15,74,103.61671641791045,-29.616716417910453,Training
09-Mar-05,18:30,76,106.66426690079017,-30.664266900790167,Training
09-Mar-05,18:45,93,115.54191395961371,-22.54191395961371,Training
09-Mar-05,19:00,95,103.21920983318702,-8.219209833187023,Training
09-Mar-05,19:15,63,98.3166286215979,-35.3166286215979,Training
09-Mar-05,19:30,54,80.56133450395083,-26.56133450395083,Training
09-Mar-05,19:45,59,79.63381913959614,-20.63381913959614,Training
09-Mar-05,20:00,57,70.22616330114136,-13.226163301141355,Training
09-Mar-05,20:15,60,61.0835118525022,-1.0835118525021983,Training
09-Mar-05,20:30,45,55.12091308165057,-10.12091308165057,Training
09-Mar-05,20:45,40,43.59322212467076,-3.59322212467076,Training
09-Mar-05,21:00,27,35.90809482001756,-8.90809482001756,Training
09-Mar-05,21:15,28,35.3780860403863,-7.3780860403863,Training
09-Mar-05,21:30,19,23.98289727831431,-4.9828972783143115,Training
09-Mar-05,21:45,11,14.840245829675153,-3.840245829675153,Training
09-Mar-05,22:00,6,7.552625109745391,-1.5526251097453914,Training
10-Mar-05,06:30,0,2.957085162423178,-2.957085162423178,Training
10-Mar-05,06:45,2,2.5713784021071118,-0.5713784021071118,Training
10-Mar-05,07:00,2,4.499912203687446,-2.4999122036874457,Training
10-Mar-05,07:15,8,6.299877085162424,1.7001229148375758,Training
10-Mar-05,07:30,7,12.856892010535558,-5.856892010535558,Training
10-Mar-05,07:45,9,15.556839332748027,-6.5568393327480265,Training
10-Mar-05,08:00,13,21.342440737489028,-8.342440737489028,Training
10-Mar-05,08:15,14,19.028200175592627,-5.028200175592627,Training
10-Mar-05,08:30,15,20.956733977172963,-5.956733977172963,Training
10-Mar-05,08:45,18,20.185320456540826,-2.1853204565408255,Training
10-Mar-05,09:00,10,20.185320456540826,-10.185320456540826,Training
10-Mar-05,09:15,26,27.12804214223003,-1.1280421422300293,Training
10-Mar-05,09:30,15,26.742335381913964,-11.742335381913964,Training
10-Mar-05,09:45,17,25.32807726075505,-8.328077260755052,Training
10-Mar-05,10:00,13,26.099490781387185,-13.099490781387185,Training
10-Mar-05,10:15,18,29.699420544337144,-11.699420544337144,Training
10-Mar-05,10:30,22,31.75652326602283,-9.756523266022828,Training
10-Mar-05,10:45,35,35.87072870939421,-0.8707287093942071,Training
10-Mar-05,11:00,37,38.18496927129061,-1.184969271290612,Training
10-Mar-05,11:15,30,40.49920983318701,-10.49920983318701,Training
10-Mar-05,11:30,29,39.85636523266023,-10.856365232660231,Training
10-Mar-05,11:45,36,43.842001755926255,-7.842001755926255,Training
10-Mar-05,12:00,40,51.55613696224759,-11.556136962247592,Training
10-Mar-05,12:15,31,52.71325724319579,-21.71325724319579,Training
10-Mar-05,12:30,34,53.48467076382793,-19.48467076382793,Training
10-Mar-05,12:45,49,60.04168568920106,-11.04168568920106,Training
10-Mar-05,13:00,51,58.75599648814751,-7.75599648814751,Training
10-Mar-05,13:15,47,60.29882352941177,-13.29882352941177,Training
10-Mar-05,13:30,41,62.09878841088675,-21.098788410886748,Training
10-Mar-05,13:45,53,64.2844600526778,-11.284460052677801,Training
10-Mar-05,14:00,48,58.75599648814751,-10.75599648814751,Training
10-Mar-05,14:15,55,63.127339771729595,-8.127339771729595,Training
10-Mar-05,14:30,31,50.141878841088676,-19.141878841088676,Training
10-Mar-05,14:45,35,46.67051799824407,-11.670517998244073,Training
10-Mar-05,15:00,31,43.842001755926255,-12.842001755926255,Training
10-Mar-05,15:15,33,46.15624231782265,-13.156242317822652,Training
10-Mar-05,15:30,27,42.427743634767346,-15.427743634767346,Training
10-Mar-05,15:45,39,42.042036874451284,-3.0420368744512842,Training
10-Mar-05,16:00,28,40.11350307287094,-12.113503072870941,Training
10-Mar-05,16:15,30,39.59922739244952,-9.59922739244952,Training
10-Mar-05,16:30,35,43.070588235294125,-8.070588235294125,Training
10-Mar-05,16:45,30,41.913467954345926,-11.913467954345926,Training
10-Mar-05,17:00,32,48.59905179982441,-16.59905179982441,Training
10-Mar-05,17:15,31,57.341738366988594,-26.341738366988594,Training
10-Mar-05,17:30,44,59.14170324846357,-15.141703248463571,Training
10-Mar-05,17:45,48,67.24154521510097,-19.24154521510097,Training
10-Mar-05,18:00,57,74.6985425812116,-17.698542581211598,Training
10-Mar-05,18:15,74,100.54089552238807,-26.54089552238807,Training
10-Mar-05,18:30,77,103.49798068481125,-26.497980684811253,Training
10-Mar-05,18:45,89,112.11209833187007,-23.112098331870072,Training
10-Mar-05,19:00,69,100.15518876207202,-31.155188762072015,Training
10-Mar-05,19:15,83,95.39813871817385,-12.398138718173854,Training
10-Mar-05,19:30,44,78.16990342405619,-34.16990342405619,Training
10-Mar-05,19:45,59,77.26992098331871,-18.269920983318713,Training
10-Mar-05,20:00,46,68.14152765583846,-22.14152765583846,Training
10-Mar-05,20:15,39,59.27027216856893,-20.27027216856893,Training
10-Mar-05,20:30,36,53.48467076382793,-17.48467076382793,Training
10-Mar-05,20:45,33,42.29917471466199,-9.299174714661987,Training
10-Mar-05,21:00,39,34.84217734855137,4.157822651448633,Training
10-Mar-05,21:15,35,34.32790166812994,0.6720983318700604,Training
10-Mar-05,21:30,18,23.270974539069364,-5.270974539069364,Training
10-Mar-05,21:45,10,14.399719051799824,-4.399719051799824,Training
10-Mar-05,22:00,4,7.328428446005269,-3.328428446005269,Training
11-Mar-05,06:30,2,2.8397629499561012,-0.8397629499561012,Training
11-Mar-05,06:45,1,2.4693590869183493,-1.4693590869183493,Training
11-Mar-05,07:00,3,4.321378402107111,-1.3213784021071113,Training
11-Mar-05,07:15,3,6.049929762949956,-3.049929762949956,Training
11-Mar-05,07:30,12,12.346795434591746,-0.3467954345917459,Training
11-Mar-05,07:45,12,14.939622475856012,-2.9396224758560123,Training
11-Mar-05,08:00,15,20.4956804214223,-5.4956804214223,Training
11-Mar-05,08:15,14,18.273257243195786,-4.273257243195786,Training
11-Mar-05,08:30,12,20.12527655838455,-8.125276558384549,Training
11-Mar-05,08:45,15,19.38446883230904,-4.3844688323090395,Training
11-Mar-05,09:00,15,19.38446883230904,-4.3844688323090395,Training
11-Mar-05,09:15,23,26.051738366988587,-3.0517383669885874,Training
11-Mar-05,09:30,27,25.681334503950833,1.3186654960491673,Training
11-Mar-05,09:45,21,24.32318700614574,-3.3231870061457407,Training
11-Mar-05,10:00,21,25.063994732221246,-4.063994732221246,Training
11-Mar-05,10:15,21,28.521097453906936,-7.521097453906936,Training
11-Mar-05,10:30,21,30.49658472344161,-9.496584723441611,Training
11-Mar-05,10:45,24,34.44755926251097,-10.447559262510971,Training
11-Mar-05,11:00,26,36.669982440737485,-10.669982440737485,Training
11-Mar-05,11:15,30,38.892405618964,-8.892405618963998,Training
11-Mar-05,11:30,37,38.275065847234416,-1.2750658472344156,Training
11-Mar-05,11:45,30,42.10257243195786,-12.10257243195786,Training
11-Mar-05,12:00,38,49.5106496927129,-11.510649692712903,Training
11-Mar-05,12:15,44,50.62186128182616,-6.621861281826163,Training
11-Mar-05,12:30,55,51.362669007901665,3.6373309920983345,Training
11-Mar-05,12:45,52,57.65953467954346,-5.659534679543462,Training
11-Mar-05,13:00,38,56.42485513608428,-18.424855136084282,Training
11-Mar-05,13:15,42,57.90647058823529,-15.906470588235287,Training
11-Mar-05,13:30,42,59.63502194907813,-17.63502194907813,Training
11-Mar-05,13:45,53,61.73397717295873,-8.733977172958731,Training
11-Mar-05,14:00,40,56.42485513608428,-16.424855136084282,Training
11-Mar-05,14:15,55,60.62276558384548,-5.622765583845478,Training
11-Mar-05,14:30,35,48.15250219490781,-13.152502194907811,Training
11-Mar-05,14:45,40,44.81886742756804,-4.818867427568037,Training
11-Mar-05,15:00,31,42.10257243195786,-11.10257243195786,Training
11-Mar-05,15:15,44,44.32499561018437,-0.3249956101843665,Training
11-Mar-05,15:30,22,40.74442493415276,-18.74442493415276,Training
11-Mar-05,15:45,34,40.37402107111502,-6.374021071115017,Training
11-Mar-05,16:00,36,38.52200175592625,-2.5220017559262473,Training
11-Mar-05,16:15,38,38.02812993854258,-0.028129938542576838,Training
11-Mar-05,16:30,34,41.36176470588235,-7.361764705882351,Training
11-Mar-05,16:45,47,40.2505531167691,6.7494468832309025,Training
11-Mar-05,17:00,47,46.6708867427568,0.3291132572432005,Training
11-Mar-05,17:15,67,55.06670763827919,11.93329236172081,Training
11-Mar-05,17:30,45,56.795258999122034,-11.795258999122034,Training
11-Mar-05,17:45,47,64.57374012291483,-17.573740122914828,Training
11-Mar-05,18:00,56,71.73488147497805,-15.734881474978053,Training
11-Mar-05,18:15,66,96.55194029850746,-30.55194029850746,Training
11-Mar-05,18:30,48,99.39170324846356,-51.39170324846356,Training
11-Mar-05,18:45,55,107.66405618964004,-52.664056189640036,Training
11-Mar-05,19:00,52,96.18153643546971,-44.18153643546971,Training
11-Mar-05,19:15,51,91.61322212467076,-40.613222124670756,Training
11-Mar-05,19:30,39,75.06851624231781,-36.06851624231781,Training
11-Mar-05,19:45,47,74.2042405618964,-27.2042405618964,Training
11-Mar-05,20:00,38,65.43801580333626,-27.438015803336256,Training
11-Mar-05,20:15,26,56.91872695346795,-30.918726953467953,Training
11-Mar-05,20:30,28,51.362669007901665,-23.362669007901665,Training
11-Mar-05,20:45,27,40.62095697980684,-13.620956979806842,Training
11-Mar-05,21:00,24,33.45981562774364,-9.459815627743637,Training
11-Mar-05,21:15,16,32.96594381035996,-16.96594381035996,Training
11-Mar-05,21:30,10,22.347699736611062,-12.347699736611062,Training
11-Mar-05,21:45,7,13.828410886742756,-6.8284108867427555,Training
11-Mar-05,22:00,4,7.037673397717295,-3.0376733977172954,Training
12-Mar-05,06:30,2,0.07958735733099209,1.920412642669008,Training
12-Mar-05,06:45,1,0.07958735733099209,0.9204126426690079,Training
12-Mar-05,07:00,3,0.15917471466198418,2.840825285338016,Training
12-Mar-05,07:15,0,0.039793678665496046,-0.039793678665496046,Training
12-Mar-05,07:30,1,0.11938103599648814,0.8806189640035118,Training
12-Mar-05,07:45,3,0.15917471466198418,2.840825285338016,Training
12-Mar-05,08:00,3,0.2785557506584723,2.721444249341528,Training
12-Mar-05,08:15,1,0.07958735733099209,0.9204126426690079,Training
12-Mar-05,08:30,4,0.3581431079894644,3.6418568920105354,Training
12-Mar-05,08:45,1,0.07958735733099209,0.9204126426690079,Training
12-Mar-05,09:00,3,0.23876207199297628,2.7612379280070236,Training
12-Mar-05,09:15,5,0.31834942932396837,4.681650570676032,Training
12-Mar-05,09:30,3,0.23876207199297628,2.7612379280070236,Training
12-Mar-05,09:45,5,0.3581431079894644,4.641856892010535,Training
12-Mar-05,10:00,1,0.31834942932396837,0.6816505706760316,Training
12-Mar-05,10:15,4,0.31834942932396837,3.6816505706760316,Training
12-Mar-05,10:30,3,0.2785557506584723,2.721444249341528,Training
12-Mar-05,10:45,6,0.5173178226514485,5.4826821773485515,Training
12-Mar-05,11:00,4,0.31834942932396837,3.6816505706760316,Training
12-Mar-05,11:15,2,0.19896839332748023,1.8010316066725198,Training
12-Mar-05,11:30,6,0.5173178226514485,5.4826821773485515,Training
12-Mar-05,11:45,6,0.875460930640913,5.124539069359087,Training
12-Mar-05,12:00,2,0.5173178226514485,1.4826821773485515,Training
12-Mar-05,12:15,9,0.5969051799824407,8.403094820017559,Training
12-Mar-05,12:30,7,0.6366988586479367,6.363301141352063,Training
12-Mar-05,12:45,14,1.0744293239683933,12.925570676031606,Training
12-Mar-05,13:00,10,0.9152546093064091,9.084745390693591,Training
12-Mar-05,13:15,6,0.9550482879719051,5.0449517120280944,Training
12-Mar-05,13:30,12,1.034635645302897,10.965364354697103,Training
12-Mar-05,13:45,9,0.9550482879719051,8.044951712028094,Training
12-Mar-05,14:00,9,0.9550482879719051,8.044951712028094,Training
12-Mar-05,14:15,9,0.6764925373134327,8.323507462686567,Training
12-Mar-05,14:30,5,0.5969051799824407,4.403094820017559,Training
12-Mar-05,14:45,5,0.6366988586479367,4.363301141352063,Training
12-Mar-05,15:00,7,1.034635645302897,5.965364354697103,Training
12-Mar-05,15:15,10,0.6366988586479367,9.363301141352064,Training
12-Mar-05,15:30,5,0.5571115013169446,4.442888498683056,Training
12-Mar-05,15:45,5,0.39793678665496046,4.60206321334504,Training
12-Mar-05,16:00,4,0.6366988586479367,3.3633011413520633,Training
12-Mar-05,16:15,3,0.47752414398595255,2.5224758560140472,Training
12-Mar-05,16:30,1,0.31834942932396837,0.6816505706760316,Training
12-Mar-05,16:45,3,0.23876207199297628,2.7612379280070236,Training
12-Mar-05,17:00,6,0.4377304653204565,5.562269534679544,Training
12-Mar-05,17:15,2,0.3581431079894644,1.6418568920105356,Training
12-Mar-05,17:30,6,0.39793678665496046,5.60206321334504,Training
12-Mar-05,17:45,1,0.47752414398595255,0.5224758560140474,Training
12-Mar-05,18:00,5,0.4377304653204565,4.562269534679544,Training
12-Mar-05,18:15,9,0.47752414398595255,8.522475856014047,Training
12-Mar-05,18:30,2,0.39793678665496046,1.6020632133450396,Training
12-Mar-05,18:45,3,0.2785557506584723,2.721444249341528,Training
12-Mar-05,19:00,1,0.31834942932396837,0.6816505706760316,Training
12-Mar-05,19:15,3,0.39793678665496046,2.6020632133450396,Training
12-Mar-05,19:30,1,0.47752414398595255,0.5224758560140474,Training
12-Mar-05,19:45,2,0.19896839332748023,1.8010316066725198,Training
12-Mar-05,20:00,0,0.2785557506584723,-0.2785557506584723,Training
12-Mar-05,20:15,3,0.39793678665496046,2.6020632133450396,Training
12-Mar-05,20:30,2,0.15917471466198418,1.8408252853380158,Training
12-Mar-05,20:45,2,0.19896839332748023,1.8010316066725198,Training
12-Mar-05,21:00,1,0.23876207199297628,0.7612379280070237,Training
12-Mar-05,21:15,2,0.2785557506584723,1.7214442493415276,Training
12-Mar-05,21:30,1,0.23876207199297628,0.7612379280070237,Training
12-Mar-05,21:45,0,0.0,0.0,Training
12-Mar-05,22:00,0,0.0,0.0,Training
13-Mar-05,06:30,0,0.02166374012291484,-0.02166374012291484,Training
13-Mar-05,06:45,0,0.02166374012291484,-0.02166374012291484,Training
13-Mar-05,07:00,0,0.04332748024582968,-0.04332748024582968,Training
13-Mar-05,07:15,0,0.01083187006145742,-0.01083187006145742,Training
13-Mar-05,07:30,0,0.03249561018437226,-0.03249561018437226,Training
13-Mar-05,07:45,0,0.04332748024582968,-0.04332748024582968,Training
13-Mar-05,08:00,0,0.07582309043020194,-0.07582309043020194,Training
13-Mar-05,08:15,1,0.02166374012291484,0.9783362598770852,Training
13-Mar-05,08:30,0,0.09748683055311677,-0.09748683055311677,Training
13-Mar-05,08:45,0,0.02166374012291484,-0.02166374012291484,Training
13-Mar-05,09:00,0,0.06499122036874452,-0.06499122036874452,Training
13-Mar-05,09:15,1,0.08665496049165936,0.9133450395083407,Training
13-Mar-05,09:30,0,0.06499122036874452,-0.06499122036874452,Training
13-Mar-05,09:45,0,0.09748683055311677,-0.09748683055311677,Training
13-Mar-05,10:00,2,0.08665496049165936,1.9133450395083407,Training
13-Mar-05,10:15,0,0.08665496049165936,-0.08665496049165936,Training
13-Mar-05,10:30,0,0.07582309043020194,-0.07582309043020194,Training
13-Mar-05,10:45,1,0.14081431079894646,0.8591856892010535,Training
13-Mar-05,11:00,2,0.08665496049165936,1.9133450395083407,Training
13-Mar-05,11:15,0,0.054159350307287094,-0.054159350307287094,Training
13-Mar-05,11:30,1,0.14081431079894646,0.8591856892010535,Training
13-Mar-05,11:45,1,0.23830114135206323,0.7616988586479367,Training
13-Mar-05,12:00,2,0.14081431079894646,1.8591856892010536,Training
13-Mar-05,12:15,1,0.1624780509218613,0.8375219490781387,Training
13-Mar-05,12:30,2,0.1733099209833187,1.8266900790166813,Training
13-Mar-05,12:45,2,0.29246049165935034,1.7075395083406497,Training
13-Mar-05,13:00,3,0.24913301141352065,2.750866988586479,Training
13-Mar-05,13:15,3,0.2599648814749781,2.740035118525022,Training
13-Mar-05,13:30,0,0.2816286215978929,-0.2816286215978929,Training
13-Mar-05,13:45,2,0.2599648814749781,1.740035118525022,Training
13-Mar-05,14:00,2,0.2599648814749781,1.740035118525022,Training
13-Mar-05,14:15,2,0.18414179104477613,1.8158582089552238,Training
13-Mar-05,14:30,0,0.1624780509218613,-0.1624780509218613,Training
13-Mar-05,14:45,2,0.1733099209833187,1.8266900790166813,Training
13-Mar-05,15:00,4,0.2816286215978929,3.7183713784021073,Training
13-Mar-05,15:15,1,0.1733099209833187,0.8266900790166813,Training
13-Mar-05,15:30,0,0.15164618086040388,-0.15164618086040388,Training
13-Mar-05,15:45,0,0.10831870061457419,-0.10831870061457419,Training
13-Mar-05,16:00,3,0.1733099209833187,2.8266900790166813,Training
13-Mar-05,16:15,1,0.12998244073748905,0.870017559262511,Training
13-Mar-05,16:30,1,0.08665496049165936,0.9133450395083407,Training
13-Mar-05,16:45,1,0.06499122036874452,0.9350087796312555,Training
13-Mar-05,17:00,4,0.11915057067603162,3.8808494293239684,Training
13-Mar-05,17:15,3,0.09748683055311677,2.902513169446883,Training
13-Mar-05,17:30,1,0.10831870061457419,0.8916812993854258,Training
13-Mar-05,17:45,1,0.12998244073748905,0.870017559262511,Training
13-Mar-05,18:00,0,0.11915057067603162,-0.11915057067603162,Training
13-Mar-05,18:15,2,0.12998244073748905,1.870017559262511,Training
13-Mar-05,18:30,0,0.10831870061457419,-0.10831870061457419,Training
13-Mar-05,18:45,0,0.07582309043020194,-0.07582309043020194,Training
13-Mar-05,19:00,1,0.08665496049165936,0.9133450395083407,Training
13-Mar-05,19:15,2,0.10831870061457419,1.8916812993854257,Training
13-Mar-05,19:30,4,0.12998244073748905,3.870017559262511,Training
13-Mar-05,19:45,0,0.054159350307287094,-0.054159350307287094,Training
13-Mar-05,20:00,1,0.07582309043020194,0.924176909569798,Training
13-Mar-05,20:15,3,0.10831870061457419,2.891681299385426,Training
13-Mar-05,20:30,1,0.04332748024582968,0.9566725197541703,Training
13-Mar-05,20:45,1,0.054159350307287094,0.9458406496927129,Training
13-Mar-05,21:00,1,0.06499122036874452,0.9350087796312555,Training
13-Mar-05,21:15,1,0.07582309043020194,0.924176909569798,Training
13-Mar-05,21:30,0,0.06499122036874452,-0.06499122036874452,Training
13-Mar-05,21:45,0,0.0,0.0,Training
13-Mar-05,22:00,0,0.0,0.0,Training
14-Mar-05,06:30,2,3.591755926251097,-1.5917559262510972,Training
14-Mar-05,06:45,3,3.1232660228270412,-0.12326602282704124,Training
14-Mar-05,07:00,8,5.465715539947322,2.534284460052678,Training
14-Mar-05,07:15,7,7.652001755926252,-0.6520017559262516,Training
14-Mar-05,07:30,11,15.616330114135206,-4.616330114135206,Training
14-Mar-05,07:45,17,18.8957594381036,-1.8957594381035996,Training
14-Mar-05,08:00,26,25.923107989464445,0.0768920105355555,Training
14-Mar-05,08:15,20,23.112168568920108,-3.112168568920108,Training
14-Mar-05,08:30,19,25.454618086040387,-6.454618086040387,Training
14-Mar-05,08:45,17,24.517638279192273,-7.517638279192273,Training
14-Mar-05,09:00,22,24.517638279192273,-2.5176382791922727,Training
14-Mar-05,09:15,24,32.950456540825286,-8.950456540825286,Training
14-Mar-05,09:30,27,32.48196663740123,-5.481966637401229,Training
14-Mar-05,09:45,26,30.764170324846354,-4.764170324846354,Training
14-Mar-05,10:00,24,31.70115013169447,-7.701150131694469,Training
14-Mar-05,10:15,28,36.07372256365233,-8.073722563652332,Training
14-Mar-05,10:30,32,38.57233538191396,-6.572335381913959,Training
14-Mar-05,10:45,29,43.56956101843722,-14.56956101843722,Training
14-Mar-05,11:00,27,46.380500438981564,-19.380500438981564,Training
14-Mar-05,11:15,36,49.1914398595259,-13.1914398595259,Training
14-Mar-05,11:30,30,48.41062335381914,-18.41062335381914,Training
14-Mar-05,11:45,35,53.251685689201054,-18.251685689201054,Training
14-Mar-05,12:00,49,62.62148375768218,-13.621483757682178,Training
14-Mar-05,12:15,38,64.02695346795434,-26.026953467954343,Training
14-Mar-05,12:30,50,64.96393327480246,-14.963933274802457,Training
14-Mar-05,12:45,49,72.92826163301142,-23.928261633011417,Training
14-Mar-05,13:00,57,71.3666286215979,-14.366628621597897,Training
14-Mar-05,13:15,45,73.24058823529411,-28.240588235294112,Training
14-Mar-05,13:30,59,75.42687445127304,-16.426874451273036,Training
14-Mar-05,13:45,51,78.08165057067603,-27.081650570676032,Training
14-Mar-05,14:00,40,71.3666286215979,-31.366628621597897,Training
14-Mar-05,14:15,52,76.67618086040386,-24.67618086040386,Training
14-Mar-05,14:30,53,60.903687445127304,-7.903687445127304,Training
14-Mar-05,14:45,42,56.687278314310795,-14.687278314310795,Training
14-Mar-05,15:00,38,53.251685689201054,-15.251685689201054,Training
14-Mar-05,15:15,37,56.06262510974539,-19.06262510974539,Training
14-Mar-05,15:30,34,51.53388937664618,-17.53388937664618,Training
14-Mar-05,15:45,47,51.06539947322213,-4.065399473222129,Training
14-Mar-05,16:00,26,48.72294995610184,-22.722949956101843,Training
14-Mar-05,16:15,35,48.09829675153644,-13.098296751536438,Training
14-Mar-05,16:30,26,52.31470588235294,-26.31470588235294,Training
14-Mar-05,16:45,39,50.909236172080774,-11.909236172080774,Training
14-Mar-05,17:00,30,59.029727831431074,-29.029727831431074,Training
14-Mar-05,17:15,47,69.64883230904302,-22.648832309043016,Training
14-Mar-05,17:30,55,71.83511852502195,-16.835118525021954,Training
14-Mar-05,17:45,70,81.67340649692713,-11.673406496927129,Training
14-Mar-05,18:00,62,90.73087796312555,-28.73087796312555,Training
14-Mar-05,18:15,113,122.11970149253732,-9.119701492537317,Training
14-Mar-05,18:30,108,125.71145741878841,-17.711457418788413,Training
14-Mar-05,18:45,116,136.174398595259,-20.174398595258992,Training
14-Mar-05,19:00,98,121.65121158911326,-23.65121158911326,Training
14-Mar-05,19:15,91,115.87316944688324,-24.87316944688324,Training
14-Mar-05,19:30,77,94.94728709394205,-17.94728709394205,Training
14-Mar-05,19:45,62,93.85414398595259,-31.85414398595259,Training
14-Mar-05,20:00,56,82.76654960491659,-26.76654960491659,Training
14-Mar-05,20:15,54,71.9912818261633,-17.991281826163302,Training
14-Mar-05,20:30,42,64.96393327480246,-22.963933274802457,Training
14-Mar-05,20:45,23,51.377726075504825,-28.377726075504825,Training
14-Mar-05,21:00,23,42.32025460930641,-19.32025460930641,Training
14-Mar-05,21:15,28,41.695601404741,-13.695601404740998,Training
14-Mar-05,21:30,13,28.265557506584724,-15.265557506584724,Training
14-Mar-05,21:45,7,17.49028972783143,-10.490289727831431,Training
14-Mar-05,22:00,7,8.901308165057069,-1.9013081650570687,Training
15-Mar-05,06:30,0,3.198090430201931,-3.198090430201931,Test
15-Mar-05,06:45,2,2.7809482001755925,-0.7809482001755925,Test
15-Mar-05,07:00,4,4.866659350307287,-0.8666593503072866,Test
15-Mar-05,07:15,7,6.8133230904302025,0.18667690956979754,Test
15-Mar-05,07:30,13,13.904741000877962,-0.9047410008779622,Test
15-Mar-05,07:45,11,16.824736611062335,-5.824736611062335,Test
15-Mar-05,08:00,18,23.08187006145742,-5.081870061457419,Test
15-Mar-05,08:15,21,20.579016681299386,0.420983318700614,Test
15-Mar-05,08:30,19,22.66472783143108,-3.6647278314310796,Test
15-Mar-05,08:45,12,21.8304433713784,-9.8304433713784,Test
15-Mar-05,09:00,12,21.8304433713784,-9.8304433713784,Test
15-Mar-05,09:15,19,29.339003511852503,-10.339003511852503,Test
15-Mar-05,09:30,27,28.921861281826164,-1.921861281826164,Test
15-Mar-05,09:45,18,27.392339771729585,-9.392339771729585,Test
15-Mar-05,10:00,20,28.226624231782264,-8.226624231782264,Test
15-Mar-05,10:15,24,32.1199517120281,-8.119951712028097,Test
15-Mar-05,10:30,29,34.34471027216857,-5.3447102721685695,Test
15-Mar-05,10:45,25,38.794227392449514,-13.794227392449514,Test
15-Mar-05,11:00,38,41.29708077260755,-3.2970807726075506,Test
15-Mar-05,11:15,43,43.79993415276558,-0.7999341527655801,Test
15-Mar-05,11:30,49,43.10469710272169,5.895302897278313,Test
15-Mar-05,11:45,33,47.41516681299385,-14.415166812993853,Test
15-Mar-05,12:00,42,55.758011413520634,-13.758011413520634,Test
15-Mar-05,12:15,39,57.00943810359965,-18.00943810359965,Test
15-Mar-05,12:30,45,57.84372256365233,-12.843722563652328,Test
15-Mar-05,12:45,46,64.9351404741001,-18.935140474100095,Test
15-Mar-05,13:00,54,63.544666374012294,-9.544666374012294,Test
15-Mar-05,13:15,64,65.21323529411764,-1.2132352941176379,Test
15-Mar-05,13:30,57,67.15989903424055,-10.159899034240553,Test
15-Mar-05,13:45,64,69.52370500438981,-5.523705004389811,Test
15-Mar-05,14:00,36,63.544666374012294,-27.544666374012294,Test
15-Mar-05,14:15,42,68.2722783143108,-26.272278314310796,Test
15-Mar-05,14:30,44,54.228489903424055,-10.228489903424055,Test
15-Mar-05,14:45,33,50.474209833187,-17.474209833186997,Test
15-Mar-05,15:00,45,47.41516681299385,-2.415166812993853,Test
15-Mar-05,15:15,27,49.91802019315188,-22.918020193151882,Test
15-Mar-05,15:30,35,45.885645302897274,-10.885645302897274,Test
15-Mar-05,15:45,40,45.468503072870945,-5.468503072870945,Test
15-Mar-05,16:00,39,43.382791922739244,-4.382791922739244,Test
15-Mar-05,16:15,38,42.82660228270412,-4.826602282704123,Test
15-Mar-05,16:30,29,46.580882352941174,-17.580882352941174,Test
15-Mar-05,16:45,35,45.32945566286216,-10.32945566286216,Test
15-Mar-05,17:00,34,52.5599209833187,-18.559920983318698,Test
15-Mar-05,17:15,39,62.015144863915715,-23.015144863915715,Test
15-Mar-05,17:30,41,63.96180860403863,-22.96180860403863,Test
15-Mar-05,17:45,58,72.72179543459174,-14.72179543459174,Test
15-Mar-05,18:00,66,80.78654521510096,-14.786545215100958,Test
15-Mar-05,18:15,92,108.73507462686567,-16.735074626865668,Test
15-Mar-05,18:30,115,111.9331650570676,3.0668349429324024,Test
15-Mar-05,18:45,110,121.24934152765584,-11.249341527655844,Test
15-Mar-05,19:00,95,108.31793239683934,-13.317932396839339,Test
15-Mar-05,19:15,83,103.17317822651448,-20.17317822651448,Test
15-Mar-05,19:30,88,84.540825285338,3.459174714661998,Test
15-Mar-05,19:45,43,83.56749341527656,-40.56749341527656,Test
15-Mar-05,20:00,50,73.6951273046532,-23.695127304653198,Test
15-Mar-05,20:15,47,64.10085601404741,-17.10085601404741,Test
15-Mar-05,20:30,50,57.84372256365233,-7.843722563652328,Test
15-Mar-05,20:45,40,45.746597892888495,-5.746597892888495,Test
15-Mar-05,21:00,34,37.68184811237928,-3.681848112379278,Test
15-Mar-05,21:15,23,37.125658472344156,-14.125658472344156,Test
15-Mar-05,21:30,19,25.167581211589113,-6.167581211589113,Test
15-Mar-05,21:45,12,15.573309920983316,-3.5733099209833163,Test
15-Mar-05,22:00,9,7.925702370500439,1.0742976294995614,Test
16-Mar-05,06:30,1,3.047550482879719,-2.047550482879719,Test
16-Mar-05,06:45,6,2.6500438981562775,3.3499561018437225,Test
16-Mar-05,07:00,1,4.637576821773486,-3.637576821773486,Test
16-Mar-05,07:15,6,6.49260755048288,-0.4926075504828802,Test
16-Mar-05,07:30,12,13.250219490781387,-1.2502194907813866,Test
16-Mar-05,07:45,11,16.032765583845478,-5.032765583845478,Test
16-Mar-05,08:00,14,21.995364354697106,-7.995364354697106,Test
16-Mar-05,08:15,18,19.610324846356455,-1.6103248463564555,Test
16-Mar-05,08:30,14,21.59785776997366,-7.597857769973661,Test
16-Mar-05,08:45,13,20.80284460052678,-7.802844600526779,Test
16-Mar-05,09:00,16,20.80284460052678,-4.802844600526779,Test
16-Mar-05,09:15,30,27.95796312554873,2.04203687445127,Test
16-Mar-05,09:30,21,27.560456540825285,-6.560456540825285,Test
16-Mar-05,09:45,20,26.102932396839332,-6.102932396839332,Test
16-Mar-05,10:00,16,26.897945566286218,-10.897945566286218,Test
16-Mar-05,10:15,30,30.608007023705007,-0.6080070237050066,Test
16-Mar-05,10:30,19,32.728042142230024,-13.728042142230024,Test
16-Mar-05,10:45,30,36.96811237928007,-6.968112379280072,Test
16-Mar-05,11:00,29,39.35315188762072,-10.353151887620719,Test
16-Mar-05,11:15,38,41.73819139596137,-3.7381913959613726,Test
16-Mar-05,11:30,23,41.0756804214223,-18.075680421422298,Test
16-Mar-05,11:45,33,45.18324846356453,-12.183248463564532,Test
16-Mar-05,12:00,23,53.13338015803337,-30.13338015803337,Test
16-Mar-05,12:15,40,54.32589991220369,-14.325899912203688,Test
16-Mar-05,12:30,37,55.12091308165057,-18.12091308165057,Test
16-Mar-05,12:45,36,61.87852502194908,-25.87852502194908,Test
16-Mar-05,13:00,46,60.553503072870946,-14.553503072870946,Test
16-Mar-05,13:15,40,62.1435294117647,-22.143529411764703,Test
16-Mar-05,13:30,34,63.9985601404741,-29.998560140474098,Test
16-Mar-05,13:45,54,66.25109745390694,-12.251097453906937,Test
16-Mar-05,14:00,28,60.553503072870946,-32.553503072870946,Test
16-Mar-05,14:15,42,65.05857769973662,-23.058577699736617,Test
16-Mar-05,14:30,48,51.67585601404741,-3.6758560140474117,Test
16-Mar-05,14:45,49,48.09829675153643,0.9017032484635692,Test
16-Mar-05,15:00,36,45.18324846356453,-9.183248463564532,Test
16-Mar-05,15:15,40,47.56828797190518,-7.568287971905178,Test
16-Mar-05,15:30,31,43.72572431957858,-12.725724319578582,Test
16-Mar-05,15:45,28,43.328217734855144,-15.328217734855144,Test
16-Mar-05,16:00,34,41.34068481123793,-7.340684811237928,Test
16-Mar-05,16:15,24,40.810676031606675,-16.810676031606675,Test
16-Mar-05,16:30,26,44.38823529411765,-18.38823529411765,Test
16-Mar-05,16:45,30,43.19571553994732,-13.195715539947322,Test
16-Mar-05,17:00,30,50.08582967515364,-20.08582967515364,Test
16-Mar-05,17:15,29,59.09597892888499,-30.09597892888499,Test
16-Mar-05,17:30,47,60.95100965759438,-13.951009657594383,Test
16-Mar-05,17:45,47,69.29864793678665,-22.29864793678665,Test
16-Mar-05,18:00,62,76.98377524143986,-14.983775241439858,Test
16-Mar-05,18:15,83,103.61671641791045,-20.616716417910453,Test
16-Mar-05,18:30,122,106.66426690079017,15.335733099209833,Test
16-Mar-05,18:45,83,115.54191395961371,-32.54191395961371,Test
16-Mar-05,19:00,86,103.21920983318702,-17.219209833187023,Test
16-Mar-05,19:15,71,98.3166286215979,-27.3166286215979,Test
16-Mar-05,19:30,66,80.56133450395083,-14.561334503950832,Test
16-Mar-05,19:45,65,79.63381913959614,-14.633819139596142,Test
16-Mar-05,20:00,57,70.22616330114136,-13.226163301141355,Test
16-Mar-05,20:15,61,61.0835118525022,-0.08351185250219828,Test
16-Mar-05,20:30,42,55.12091308165057,-13.12091308165057,Test
16-Mar-05,20:45,38,43.59322212467076,-5.59322212467076,Test
16-Mar-05,21:00,23,35.90809482001756,-12.90809482001756,Test
16-Mar-05,21:15,22,35.3780860403863,-13.3780860403863,Test
16-Mar-05,21:30,22,23.98289727831431,-1.9828972783143115,Test
16-Mar-05,21:45,16,14.840245829675153,1.159754170324847,Test
16-Mar-05,22:00,12,7.552625109745391,4.447374890254609,Test
17-Mar-05,06:30,3,2.957085162423178,0.042914837576821796,Test
17-Mar-05,06:45,4,2.5713784021071118,1.4286215978928882,Test
17-Mar-05,07:00,4,4.499912203687446,-0.4999122036874457,Test
17-Mar-05,07:15,5,6.299877085162424,-1.2998770851624242,Test
17-Mar-05,07:30,13,12.856892010535558,0.1431079894644416,Test
17-Mar-05,07:45,11,15.556839332748027,-4.5568393327480265,Test
17-Mar-05,08:00,19,21.342440737489028,-2.342440737489028,Test
17-Mar-05,08:15,17,19.028200175592627,-2.0282001755926267,Test
17-Mar-05,08:30,11,20.956733977172963,-9.956733977172963,Test
17-Mar-05,08:45,14,20.185320456540826,-6.1853204565408255,Test
17-Mar-05,09:00,13,20.185320456540826,-7.1853204565408255,Test
17-Mar-05,09:15,20,27.12804214223003,-7.128042142230029,Test
17-Mar-05,09:30,19,26.742335381913964,-7.742335381913964,Test
17-Mar-05,09:45,32,25.32807726075505,6.671922739244948,Test
17-Mar-05,10:00,16,26.099490781387185,-10.099490781387185,Test
17-Mar-05,10:15,24,29.699420544337144,-5.699420544337144,Test
17-Mar-05,10:30,29,31.75652326602283,-2.7565232660228283,Test
17-Mar-05,10:45,31,35.87072870939421,-4.870728709394207,Test
17-Mar-05,11:00,27,38.18496927129061,-11.184969271290612,Test
17-Mar-05,11:15,24,40.49920983318701,-16.49920983318701,Test
17-Mar-05,11:30,21,39.85636523266023,-18.85636523266023,Test
17-Mar-05,11:45,29,43.842001755926255,-14.842001755926255,Test
17-Mar-05,12:00,33,51.55613696224759,-18.556136962247592,Test
17-Mar-05,12:15,45,52.71325724319579,-7.713257243195791,Test
17-Mar-05,12:30,24,53.48467076382793,-29.48467076382793,Test
17-Mar-05,12:45,29,60.04168568920106,-31.04168568920106,Test
17-Mar-05,13:00,54,58.75599648814751,-4.75599648814751,Test
17-Mar-05,13:15,43,60.29882352941177,-17.29882352941177,Test
17-Mar-05,13:30,34,62.09878841088675,-28.098788410886748,Test
17-Mar-05,13:45,50,64.2844600526778,-14.284460052677801,Test
17-Mar-05,14:00,60,58.75599648814751,1.2440035118524904,Test
17-Mar-05,14:15,38,63.127339771729595,-25.127339771729595,Test
17-Mar-05,14:30,42,50.141878841088676,-8.141878841088676,Test
17-Mar-05,14:45,31,46.67051799824407,-15.670517998244073,Test
17-Mar-05,15:00,13,43.842001755926255,-30.842001755926255,Test
17-Mar-05,15:15,43,46.15624231782265,-3.1562423178226524,Test
17-Mar-05,15:30,0,42.427743634767346,-42.427743634767346,Test
17-Mar-05,15:45,32,42.042036874451284,-10.042036874451284,Test
17-Mar-05,16:00,29,40.11350307287094,-11.113503072870941,Test
17-Mar-05,16:15,25,39.59922739244952,-14.59922739244952,Test
17-Mar-05,16:30,42,43.070588235294125,-1.0705882352941245,Test
17-Mar-05,16:45,27,41.913467954345926,-14.913467954345926,Test
17-Mar-05,17:00,31,48.59905179982441,-17.59905179982441,Test
17-Mar-05,17:15,32,57.341738366988594,-25.341738366988594,Test
17-Mar-05,17:30,41,59.14170324846357,-18.14170324846357,Test
17-Mar-05,17:45,53,67.24154521510097,-14.24154521510097,Test
17-Mar-05,18:00,63,74.6985425812116,-11.698542581211598,Test
17-Mar-05,18:15,78,100.54089552238807,-22.54089552238807,Test
17-Mar-05,18:30,93,103.49798068481125,-10.497980684811253,Test
17-Mar-05,18:45,83,112.11209833187007,-29.112098331870072,Test
17-Mar-05,19:00,81,100.15518876207202,-19.155188762072015,Test
17-Mar-05,19:15,73,95.39813871817385,-22.398138718173854,Test
17-Mar-05,19:30,64,78.16990342405619,-14.169903424056187,Test
17-Mar-05,19:45,48,77.26992098331871,-29.269920983318713,Test
17-Mar-05,20:00,55,68.14152765583846,-13.141527655838459,Test
17-Mar-05,20:15,40,59.27027216856893,-19.27027216856893,Test
17-Mar-05,20:30,22,53.48467076382793,-31.48467076382793,Test
17-Mar-05,20:45,29,42.29917471466199,-13.299174714661987,Test
17-Mar-05,21:00,30,34.84217734855137,-4.842177348551367,Test
17-Mar-05,21:15,24,34.32790166812994,-10.32790166812994,Test
17-Mar-05,21:30,13,23.270974539069364,-10.270974539069364,Test
17-Mar-05,21:45,13,14.399719051799824,-1.3997190517998241,Test
17-Mar-05,22:00,12,7.328428446005269,4.671571553994731,Test
18-Mar-05,06:30,3,2.8397629499561012,0.16023705004389877,Test
18-Mar-05,06:45,1,2.4693590869183493,-1.4693590869183493,Test
18-Mar-05,07:00,5,4.321378402107111,0.6786215978928887,Test
18-Mar-05,07:15,7,6.049929762949956,0.9500702370500438,Test
18-Mar-05,07:30,13,12.346795434591746,0.6532045654082541,Test
18-Mar-05,07:45,11,14.939622475856012,-3.9396224758560123,Test
18-Mar-05,08:00,14,20.4956804214223,-6.4956804214223,Test
18-Mar-05,08:15,19,18.273257243195786,0.7267427568042137,Test
18-Mar-05,08:30,16,20.12527655838455,-4.125276558384549,Test
18-Mar-05,08:45,14,19.38446883230904,-5.3844688323090395,Test
18-Mar-05,09:00,13,19.38446883230904,-6.3844688323090395,Test
18-Mar-05,09:15,19,26.051738366988587,-7.051738366988587,Test
18-Mar-05,09:30,28,25.681334503950833,2.3186654960491673,Test
18-Mar-05,09:45,17,24.32318700614574,-7.323187006145741,Test
18-Mar-05,10:00,20,25.063994732221246,-5.063994732221246,Test
18-Mar-05,10:15,27,28.521097453906936,-1.5210974539069362,Test
18-Mar-05,10:30,25,30.49658472344161,-5.496584723441611,Test
18-Mar-05,10:45,36,34.44755926251097,1.5524407374890288,Test
18-Mar-05,11:00,31,36.669982440737485,-5.669982440737485,Test
18-Mar-05,11:15,43,38.892405618964,4.107594381036002,Test
18-Mar-05,11:30,35,38.275065847234416,-3.2750658472344156,Test
18-Mar-05,11:45,33,42.10257243195786,-9.10257243195786,Test
18-Mar-05,12:00,37,49.5106496927129,-12.510649692712903,Test
18-Mar-05,12:15,32,50.62186128182616,-18.621861281826163,Test
18-Mar-05,12:30,46,51.362669007901665,-5.3626690079016655,Test
18-Mar-05,12:45,34,57.65953467954346,-23.659534679543462,Test
18-Mar-05,13:00,44,56.42485513608428,-12.424855136084282,Test
18-Mar-05,13:15,57,57.90647058823529,-0.9064705882352868,Test
18-Mar-05,13:30,47,59.63502194907813,-12.63502194907813,Test
18-Mar-05,13:45,60,61.73397717295873,-1.7339771729587312,Test
18-Mar-05,14:00,38,56.42485513608428,-18.424855136084282,Test
18-Mar-05,14:15,35,60.62276558384548,-25.622765583845478,Test
18-Mar-05,14:30,42,48.15250219490781,-6.152502194907811,Test
18-Mar-05,14:45,39,44.81886742756804,-5.818867427568037,Test
18-Mar-05,15:00,33,42.10257243195786,-9.10257243195786,Test
18-Mar-05,15:15,39,44.32499561018437,-5.3249956101843665,Test
18-Mar-05,15:30,29,40.74442493415276,-11.744424934152761,Test
18-Mar-05,15:45,44,40.37402107111502,3.625978928884983,Test
18-Mar-05,16:00,40,38.52200175592625,1.4779982440737527,Test
18-Mar-05,16:15,40,38.02812993854258,1.9718700614574232,Test
18-Mar-05,16:30,41,41.36176470588235,-0.36176470588235077,Test
18-Mar-05,16:45,47,40.2505531167691,6.7494468832309025,Test
18-Mar-05,17:00,48,46.6708867427568,1.3291132572432005,Test
18-Mar-05,17:15,71,55.06670763827919,15.93329236172081,Test
18-Mar-05,17:30,63,56.795258999122034,6.204741000877966,Test
18-Mar-05,17:45,67,64.57374012291483,2.4262598770851724,Test
18-Mar-05,18:00,56,71.73488147497805,-15.734881474978053,Test
18-Mar-05,18:15,70,96.55194029850746,-26.55194029850746,Test
18-Mar-05,18:30,69,99.39170324846356,-30.391703248463557,Test
18-Mar-05,18:45,52,107.66405618964004,-55.664056189640036,Test
18-Mar-05,19:00,58,96.18153643546971,-38.18153643546971,Test
18-Mar-05,19:15,58,91.61322212467076,-33.613222124670756,Test
18-Mar-05,19:30,60,75.06851624231781,-15.068516242317813,Test
18-Mar-05,19:45,48,74.2042405618964,-26.2042405618964,Test
18-Mar-05,20:00,48,65.43801580333626,-17.438015803336256,Test
18-Mar-05,20:15,39,56.91872695346795,-17.918726953467953,Test
18-Mar-05,20:30,29,51.362669007901665,-22.362669007901665,Test
18-Mar-05,20:45,25,40.62095697980684,-15.620956979806842,Test
18-Mar-05,21:00,19,33.45981562774364,-14.459815627743637,Test
18-Mar-05,21:15,22,32.96594381035996,-10.96594381035996,Test
18-Mar-05,21:30,15,22.347699736611062,-7.347699736611062,Test
18-Mar-05,21:45,9,13.828410886742756,-4.8284108867427555,Test
18-Mar-05,22:00,9,7.037673397717295,1.9623266022827046,Test
19-Mar-05,06:30,0,0.07958735733099209,-0.07958735733099209,Test
19-Mar-05,06:45,0,0.07958735733099209,-0.07958735733099209,Test
19-Mar-05,07:00,1,0.15917471466198418,0.8408252853380158,Test
19-Mar-05,07:15,1,0.039793678665496046,0.960206321334504,Test
19-Mar-05,07:30,3,0.11938103599648814,2.880618964003512,Test
19-Mar-05,07:45,0,0.15917471466198418,-0.15917471466198418,Test
19-Mar-05,08:00,0,0.2785557506584723,-0.2785557506584723,Test
19-Mar-05,08:15,1,0.07958735733099209,0.9204126426690079,Test
19-Mar-05,08:30,1,0.3581431079894644,0.6418568920105356,Test
19-Mar-05,08:45,5,0.07958735733099209,4.920412642669008,Test
19-Mar-05,09:00,3,0.23876207199297628,2.7612379280070236,Test
19-Mar-05,09:15,0,0.31834942932396837,-0.31834942932396837,Test
19-Mar-05,09:30,4,0.23876207199297628,3.7612379280070236,Test
19-Mar-05,09:45,3,0.3581431079894644,2.6418568920105354,Test
19-Mar-05,10:00,10,0.31834942932396837,9.681650570676032,Test
19-Mar-05,10:15,3,0.31834942932396837,2.6816505706760316,Test
19-Mar-05,10:30,4,0.2785557506584723,3.721444249341528,Test
19-Mar-05,10:45,7,0.5173178226514485,6.4826821773485515,Test
19-Mar-05,11:00,6,0.31834942932396837,5.681650570676032,Test
19-Mar-05,11:15,5,0.19896839332748023,4.801031606672519,Test
19-Mar-05,11:30,3,0.5173178226514485,2.4826821773485515,Test
19-Mar-05,11:45,8,0.875460930640913,7.124539069359087,Test
19-Mar-05,12:00,7,0.5173178226514485,6.4826821773485515,Test
19-Mar-05,12:15,9,0.5969051799824407,8.403094820017559,Test
19-Mar-05,12:30,12,0.6366988586479367,11.363301141352064,Test
19-Mar-05,12:45,8,1.0744293239683933,6.925570676031606,Test
19-Mar-05,13:00,7,0.9152546093064091,6.084745390693591,Test
19-Mar-05,13:15,5,0.9550482879719051,4.0449517120280944,Test
19-Mar-05,13:30,8,1.034635645302897,6.965364354697103,Test
19-Mar-05,13:45,11,0.9550482879719051,10.044951712028094,Test
19-Mar-05,14:00,16,0.9550482879719051,15.044951712028094,Test
19-Mar-05,14:15,6,0.6764925373134327,5.3235074626865675,Test
19-Mar-05,14:30,9,0.5969051799824407,8.403094820017559,Test
19-Mar-05,14:45,5,0.6366988586479367,4.363301141352063,Test
19-Mar-05,15:00,6,1.034635645302897,4.965364354697103,Test
19-Mar-05,15:15,3,0.6366988586479367,2.3633011413520633,Test
19-Mar-05,15:30,4,0.5571115013169446,3.4428884986830552,Test
19-Mar-05,15:45,3,0.39793678665496046,2.6020632133450396,Test
19-Mar-05,16:00,5,0.6366988586479367,4.363301141352063,Test
19-Mar-05,16:15,8,0.47752414398595255,7.522475856014047,Test
19-Mar-05,16:30,5,0.31834942932396837,4.681650570676032,Test
19-Mar-05,16:45,2,0.23876207199297628,1.7612379280070236,Test
19-Mar-05,17:00,6,0.4377304653204565,5.562269534679544,Test
19-Mar-05,17:15,6,0.3581431079894644,5.641856892010535,Test
19-Mar-05,17:30,9,0.39793678665496046,8.602063213345039,Test
19-Mar-05,17:45,2,0.47752414398595255,1.5224758560140474,Test
19-Mar-05,18:00,2,0.4377304653204565,1.5622695346795434,Test
19-Mar-05,18:15,8,0.47752414398595255,7.522475856014047,Test
19-Mar-05,18:30,1,0.39793678665496046,0.6020632133450395,Test
19-Mar-05,18:45,1,0.2785557506584723,0.7214442493415276,Test
19-Mar-05,19:00,3,0.31834942932396837,2.6816505706760316,Test
19-Mar-05,19:15,5,0.39793678665496046,4.60206321334504,Test
19-Mar-05,19:30,3,0.47752414398595255,2.5224758560140472,Test
19-Mar-05,19:45,2,0.19896839332748023,1.8010316066725198,Test
19-Mar-05,20:00,3,0.2785557506584723,2.721444249341528,Test
19-Mar-05,20:15,1,0.39793678665496046,0.6020632133450395,Test
19-Mar-05,20:30,3,0.15917471466198418,2.840825285338016,Test
19-Mar-05,20:45,0,0.19896839332748023,-0.19896839332748023,Test
19-Mar-05,21:00,2,0.23876207199297628,1.7612379280070236,Test
19-Mar-05,21:15,1,0.2785557506584723,0.7214442493415276,Test
19-Mar-05,21:30,2,0.23876207199297628,1.7612379280070236,Test
19-Mar-05,21:45,1,0.0,1.0,Test
19-Mar-05,22:00,0,0.0,0.0,Test
20-Mar-05,06:30,0,0.02166374012291484,-0.02166374012291484,Test
20-Mar-05,06:45,0,0.02166374012291484,-0.02166374012291484,Test
20-Mar-05,07:00,0,0.04332748024582968,-0.04332748024582968,Test
20-Mar-05,07:15,0,0.01083187006145742,-0.01083187006145742,Test
20-Mar-05,07:30,0,0.03249561018437226,-0.03249561018437226,Test
20-Mar-05,07:45,0,0.04332748024582968,-0.04332748024582968,Test
20-Mar-05,08:00,0,0.07582309043020194,-0.07582309043020194,Test
20-Mar-05,08:15,0,0.02166374012291484,-0.02166374012291484,Test
20-Mar-05,08:30,0,0.09748683055311677,-0.09748683055311677,Test
20-Mar-05,08:45,0,0.02166374012291484,-0.02166374012291484,Test
20-Mar-05,09:00,0,0.06499122036874452,-0.06499122036874452,Test
20-Mar-05,09:15,0,0.08665496049165936,-0.08665496049165936,Test
20-Mar-05,09:30,0,0.06499122036874452,-0.06499122036874452,Test
20-Mar-05,09:45,2,0.09748683055311677,1.9025131694468833,Test
20-Mar-05,10:00,0,0.08665496049165936,-0.08665496049165936,Test
20-Mar-05,10:15,1,0.08665496049165936,0.9133450395083407,Test
20-Mar-05,10:30,0,0.07582309043020194,-0.07582309043020194,Test
20-Mar-05,10:45,0,0.14081431079894646,-0.14081431079894646,Test
20-Mar-05,11:00,0,0.08665496049165936,-0.08665496049165936,Test
20-Mar-05,11:15,0,0.054159350307287094,-0.054159350307287094,Test
20-Mar-05,11:30,1,0.14081431079894646,0.8591856892010535,Test
20-Mar-05,11:45,0,0.23830114135206323,-0.23830114135206323,Test
20-Mar-05,12:00,0,0.14081431079894646,-0.14081431079894646,Test
20-Mar-05,12:15,3,0.1624780509218613,2.8375219490781385,Test
20-Mar-05,12:30,1,0.1733099209833187,0.8266900790166813,Test
20-Mar-05,12:45,1,0.29246049165935034,0.7075395083406497,Test
20-Mar-05,13:00,1,0.24913301141352065,0.7508669885864794,Test
20-Mar-05,13:15,5,0.2599648814749781,4.740035118525022,Test
20-Mar-05,13:30,1,0.2816286215978929,0.7183713784021071,Test
20-Mar-05,13:45,1,0.2599648814749781,0.7400351185250219,Test
20-Mar-05,14:00,2,0.2599648814749781,1.740035118525022,Test
20-Mar-05,14:15,0,0.18414179104477613,-0.18414179104477613,Test
20-Mar-05,14:30,1,0.1624780509218613,0.8375219490781387,Test
20-Mar-05,14:45,0,0.1733099209833187,-0.1733099209833187,Test
20-Mar-05,15:00,3,0.2816286215978929,2.7183713784021073,Test
20-Mar-05,15:15,2,0.1733099209833187,1.8266900790166813,Test
20-Mar-05,15:30,1,0.15164618086040388,0.8483538191395961,Test
20-Mar-05,15:45,1,0.10831870061457419,0.8916812993854258,Test
20-Mar-05,16:00,0,0.1733099209833187,-0.1733099209833187,Test
20-Mar-05,16:15,1,0.12998244073748905,0.870017559262511,Test
20-Mar-05,16:30,0,0.08665496049165936,-0.08665496049165936,Test
20-Mar-05,16:45,1,0.06499122036874452,0.9350087796312555,Test
20-Mar-05,17:00,2,0.11915057067603162,1.8808494293239684,Test
20-Mar-05,17:15,4,0.09748683055311677,3.902513169446883,Test
20-Mar-05,17:30,1,0.10831870061457419,0.8916812993854258,Test
20-Mar-05,17:45,2,0.12998244073748905,1.870017559262511,Test
20-Mar-05,18:00,2,0.11915057067603162,1.8808494293239684,Test
20-Mar-05,18:15,2,0.12998244073748905,1.870017559262511,Test
20-Mar-05,18:30,0,0.10831870061457419,-0.10831870061457419,Test
20-Mar-05,18:45,0,0.07582309043020194,-0.07582309043020194,Test
20-Mar-05,19:00,2,0.08665496049165936,1.9133450395083407,Test
20-Mar-05,19:15,4,0.10831870061457419,3.891681299385426,Test
20-Mar-05,19:30,1,0.12998244073748905,0.870017559262511,Test
20-Mar-05,19:45,1,0.054159350307287094,0.9458406496927129,Test
20-Mar-05,20:00,1,0.07582309043020194,0.924176909569798,Test
20-Mar-05,20:15,1,0.10831870061457419,0.8916812993854258,Test
20-Mar-05,20:30,0,0.04332748024582968,-0.04332748024582968,Test
20-Mar-05,20:45,1,0.054159350307287094,0.9458406496927129,Test
20-Mar-05,21:00,1,0.06499122036874452,0.9350087796312555,Test
20-Mar-05,21:15,2,0.07582309043020194,1.924176909569798,Test
20-Mar-05,21:30,1,0.06499122036874452,0.9350087796312555,Test
20-Mar-05,21:45,0,0.0,0.0,Test
20-Mar-05,22:00,0,0.0,0.0,Test
21-Mar-05,06:30,1,3.591755926251097,-2.591755926251097,Test
21-Mar-05,06:45,2,3.1232660228270412,-1.1232660228270412,Test
21-Mar-05,07:00,2,5.465715539947322,-3.465715539947322,Test
21-Mar-05,07:15,13,7.652001755926252,5.347998244073748,Test
21-Mar-05,07:30,18,15.616330114135206,2.3836698858647942,Test
21-Mar-05,07:45,19,18.8957594381036,0.10424056189640041,Test
21-Mar-05,08:00,20,25.923107989464445,-5.9231079894644445,Test
21-Mar-05,08:15,18,23.112168568920108,-5.112168568920108,Test
21-Mar-05,08:30,22,25.454618086040387,-3.4546180860403872,Test
21-Mar-05,08:45,17,24.517638279192273,-7.517638279192273,Test
21-Mar-05,09:00,10,24.517638279192273,-14.517638279192273,Test
21-Mar-05,09:15,21,32.950456540825286,-11.950456540825286,Test
21-Mar-05,09:30,16,32.48196663740123,-16.48196663740123,Test
21-Mar-05,09:45,37,30.764170324846354,6.235829675153646,Test
21-Mar-05,10:00,27,31.70115013169447,-4.701150131694469,Test
21-Mar-05,10:15,25,36.07372256365233,-11.073722563652332,Test
21-Mar-05,10:30,32,38.57233538191396,-6.572335381913959,Test
21-Mar-05,10:45,37,43.56956101843722,-6.56956101843722,Test
21-Mar-05,11:00,32,46.380500438981564,-14.380500438981564,Test
21-Mar-05,11:15,35,49.1914398595259,-14.1914398595259,Test
21-Mar-05,11:30,41,48.41062335381914,-7.41062335381914,Test
21-Mar-05,11:45,35,53.251685689201054,-18.251685689201054,Test
21-Mar-05,12:00,41,62.62148375768218,-21.621483757682178,Test
21-Mar-05,12:15,45,64.02695346795434,-19.026953467954343,Test
21-Mar-05,12:30,34,64.96393327480246,-30.963933274802457,Test
21-Mar-05,12:45,42,72.92826163301142,-30.928261633011417,Test
21-Mar-05,13:00,59,71.3666286215979,-12.366628621597897,Test
21-Mar-05,13:15,67,73.24058823529411,-6.240588235294112,Test
21-Mar-05,13:30,60,75.42687445127304,-15.426874451273036,Test
21-Mar-05,13:45,77,78.08165057067603,-1.0816505706760324,Test
21-Mar-05,14:00,39,71.3666286215979,-32.3666286215979,Test
21-Mar-05,14:15,49,76.67618086040386,-27.67618086040386,Test
21-Mar-05,14:30,57,60.903687445127304,-3.9036874451273036,Test
21-Mar-05,14:45,42,56.687278314310795,-14.687278314310795,Test
21-Mar-05,15:00,27,53.251685689201054,-26.251685689201054,Test
21-Mar-05,15:15,43,56.06262510974539,-13.06262510974539,Test
21-Mar-05,15:30,30,51.53388937664618,-21.53388937664618,Test
21-Mar-05,15:45,36,51.06539947322213,-15.06539947322213,Test
21-Mar-05,16:00,32,48.72294995610184,-16.722949956101843,Test
21-Mar-05,16:15,21,48.09829675153644,-27.098296751536438,Test
21-Mar-05,16:30,39,52.31470588235294,-13.31470588235294,Test
21-Mar-05,16:45,35,50.909236172080774,-15.909236172080774,Test
21-Mar-05,17:00,44,59.029727831431074,-15.029727831431074,Test
21-Mar-05,17:15,51,69.64883230904302,-18.648832309043016,Test
21-Mar-05,17:30,3,71.83511852502195,-68.83511852502195,Test
21-Mar-05,17:45,0,81.67340649692713,-81.67340649692713,Test
21-Mar-05,18:00,0,90.73087796312555,-90.73087796312555,Test
21-Mar-05,18:15,0,122.11970149253732,-122.11970149253732,Test
21-Mar-05,18:30,65,125.71145741878841,-60.71145741878841,Test
21-Mar-05,18:45,108,136.174398595259,-28.174398595258992,Test
21-Mar-05,19:00,101,121.65121158911326,-20.65121158911326,Test
21-Mar-05,19:15,105,115.87316944688324,-10.873169446883239,Test
21-Mar-05,19:30,74,94.94728709394205,-20.94728709394205,Test
21-Mar-05,19:45,55,93.85414398595259,-38.85414398595259,Test
21-Mar-05,20:00,53,82.76654960491659,-29.76654960491659,Test
21-Mar-05,20:15,47,71.9912818261633,-24.991281826163302,Test
21-Mar-05,20:30,45,64.96393327480246,-19.963933274802457,Test
21-Mar-05,20:45,36,51.377726075504825,-15.377726075504825,Test
21-Mar-05,21:00,35,42.32025460930641,-7.32025460930641,Test
21-Mar-05,21:15,23,41.695601404741,-18.695601404740998,Test
21-Mar-05,21:30,12,28.265557506584724,-16.265557506584724,Test
21-Mar-05,21:45,6,17.49028972783143,-11.490289727831431,Test
21-Mar-05,22:00,2,8.901308165057069,-6.901308165057069,Test
